t,year,rho_A,GDP_proxy,K_total,U_total,X_Extraction,K_Extraction,theta_Extraction,fd_share_Extraction,HHI_Extraction,A_diag_Extraction,X_Energy,K_Energy,theta_Energy,fd_share_Energy,HHI_Energy,A_diag_Energy,X_Manufacturing,K_Manufacturing,theta_Manufacturing,fd_share_Manufacturing,HHI_Manufacturing,A_diag_Manufacturing,X_Construction,K_Construction,theta_Construction,fd_share_Construction,HHI_Construction,A_diag_Construction,X_Agriculture,K_Agriculture,theta_Agriculture,fd_share_Agriculture,HHI_Agriculture,A_diag_Agriculture,A_00,B_00,A_01,B_01,A_02,B_02,A_03,B_03,A_04,B_04,A_10,B_10,A_11,B_11,A_12,B_12,A_13,B_13,A_14,B_14,A_20,B_20,A_21,B_21,A_22,B_22,A_23,B_23,A_24,B_24,A_30,B_30,A_31,B_31,A_32,B_32,A_33,B_33,A_34,B_34,A_40,B_40,A_41,B_41,A_42,B_42,A_43,B_43,A_44,B_44,balance_resid,I_total,I_Extraction,I_Energy,I_Manufacturing,I_Construction,I_Agriculture
0,2015,0.44413,2.14059e+06,1.22913e+07,1.24328e+06,10746,78101.6,1,9.30579e-07,0.0486465,0.057789,106178,707256,1,0.545413,0.107062,0.228126,1.67556e+06,8.88552e+06,1,0.548771,0.0377934,0.397999,297148,2.25266e+06,1,0.878587,0.0579814,0.076935,50958,367810,1,0.0942637,0.0458768,0.067526,0.057789,0.000789,0.1214,0.001724,0.026759,0.001394,0.006771,0.000645,0.002041,0.00096,0.027638,0,0.228126,0,0.013303,0,0.002198,0,0.015797,0,0.213568,2.4017,0.073537,5.25173,0.397999,4.24476,0.23356,1.96403,0.190078,2.92288,0.021776,2.09972,0.032285,4.5914,0.005192,3.71104,0.076935,1.71708,0.016779,2.55538,0.004188,0.004093,6.6e-05,0.008951,0.025461,0.007234,0,0.003347,0.067526,0.004982,0.171663,436384,2011.64,5719.9,338020,87114.9,3517.74
1,2016,0.443165,2.07007e+06,1.27277e+07,1.28331e+06,11001.8,80113.2,1.00069,9.165e-07,0.0509681,0.0575685,105850,712975,1.00019,0.569537,0.111904,0.225963,1.6138e+06,9.22354e+06,1.00088,0.584958,0.0378562,0.396838,291827,2.33977e+06,1.00108,0.939021,0.0609295,0.07643,47586.8,371328,1.00026,0.104833,0.045014,0.0677029,0.0575685,0.00137645,0.121259,0.00304897,0.0266626,0.000957784,0.00669664,0.00286498,0.00203649,0.000182609,0.0277903,0,0.225963,0,0.0133172,0,0.0021872,0,0.0158996,0,0.215954,4.192,0.0735045,9.28566,0.396838,2.91694,0.236185,8.72531,0.188316,0.556136,0.0217139,3.66492,0.0321421,8.11813,0.00514317,2.55018,0.07643,7.62824,0.0168241,0.486211,0.00417362,0.00714183,6.57296e-05,0.0158198,0.0255959,0.00496953,0,0.0148651,0.0677029,0.000947478,0.187512,470064,2088.83,5998.89,363312,94849.7,3814.44
2,2017,0.44103,2.21461e+06,1.31978e+07,1.29917e+06,11294,82202,1.0014,9.18922e-07,0.0509774,0.0575053,109979,718974,1.00039,0.559023,0.114571,0.223558,1.72674e+06,9.58685e+06,1.0018,0.548188,0.037703,0.394904,314629,2.43462e+06,1.00225,0.909309,0.0618102,0.0762747,51973.5,375142,1.00056,0.0965785,0.0465547,0.06722,0.0575053,0.0012508,0.120062,0.000254217,0.026561,0.000562985,0.00667659,0.00072793,0.0020231,0.000152172,0.0277618,0,0.223558,0,0.0132713,0,0.00218757,0,0.0158197,0,0.215742,3.80931,0.0729705,0.774222,0.394904,1.71457,0.23648,2.21692,0.186774,0.463442,0.0216888,3.33035,0.0318366,0.676875,0.0051152,1.49899,0.0762747,1.93817,0.0167263,0.405171,0.00416923,0.00648985,6.51413e-05,0.00131903,0.0255204,0.00292109,0,0.00377692,0.06722,0.000789557,0.166628,477227,1944.92,6036,374388,91090.2,3768.06
3,2018,0.439644,2.30664e+06,1.3675e+07,1.35311e+06,11602.2,84147,1.00204,9.15951e-07,0.0510357,0.0573484,112078,725010,1.0006,0.569566,0.115761,0.222665,1.80113e+06,9.96124e+06,1.00271,0.550744,0.0377262,0.393586,328522,2.52571e+06,1.00333,0.889311,0.0620659,0.0762111,53303.5,378910,1.00085,0.0966915,0.0469026,0.0670513,0.0573484,0.00110443,0.119543,0.000503227,0.0264963,0.000880671,0.00667032,0.0011474,0.00201753,0.000495788,0.0277024,0,0.222665,0,0.0132427,0,0.00218659,0,0.0157858,0,0.21522,3.36354,0.0727883,1.53258,0.393586,2.68209,0.236474,3.49442,0.18633,1.50993,0.0216333,2.94062,0.0317084,1.33988,0.00510106,2.34486,0.0762111,3.05505,0.0167003,1.32008,0.00415762,0.00573039,6.49459e-05,0.00261103,0.0254598,0.00456943,0,0.00595337,0.0670513,0.00257243,0.16616,504774,2075.13,6289.14,395003,97489.2,3917.31
4,2019,0.43806,2.40597e+06,1.41798e+07,1.40011e+06,11889.3,86222.1,1.00271,8.7936e-07,0.0510876,0.0573134,115163,731300,1.00081,0.573347,0.118131,0.221571,1.88287e+06,1.03562e+07,1.00364,0.550721,0.0377592,0.392087,341969,2.6232e+06,1.00445,0.853539,0.0623306,0.0760959,54079.9,382827,1.00115,0.0973085,0.0470302,0.06664,0.0573134,0.00126465,0.11902,0.000356754,0.0264077,0.000845723,0.00666105,0.00126873,0.00200429,0.000882981,0.0276921,0,0.221571,0,0.0132041,0,0.00218473,0,0.0156907,0,0.215146,3.8515,0.0726614,1.0865,0.392087,2.57566,0.236358,3.86393,0.1852,2.68913,0.0216219,3.36723,0.0315605,0.949888,0.00508336,2.25181,0.0760959,3.3781,0.0166072,2.35101,0.004155,0.00656172,6.47277e-05,0.00185104,0.025389,0.0043881,0,0.00658291,0.06664,0.00458141,0.160679,527407,2139.34,6462.86,414121,100678,4005.85
5,2020,0.436893,2.50842e+06,1.47072e+07,1.40536e+06,12196.1,88361.4,1.00338,8.66046e-07,0.0511422,0.0571731,117209,737762,1.00102,0.551725,0.118506,0.22104,1.9679e+06,1.07704e+07,1.00458,0.526363,0.0378205,0.391052,356411,2.72388e+06,1.00555,0.840266,0.062614,0.0760051,54707.2,386833,1.00145,0.0983965,0.0470905,0.0660223,0.0571731,0.00122059,0.118798,0.000552753,0.0263635,0.000852298,0.0066512,0.00121996,0.00198483,0.00111752,0.0276396,0,0.22104,0,0.0131815,0,0.00218227,0,0.0155412,0,0.214761,3.71731,0.0725845,1.68341,0.391052,2.59568,0.23624,3.71539,0.18341,3.40342,0.0215717,3.24992,0.031496,1.47175,0.00507326,2.26931,0.0760051,3.24824,0.0164455,2.9755,0.00414537,0.00633311,6.46193e-05,0.002868,0.0253599,0.00442221,0,0.00632984,0.0660223,0.00579834,0.143065,549098,2150.2,6498.34,432028,104372,4048.36
6,2021,0.435217,2.60999e+06,1.52563e+07,1.42889e+06,12512.6,90511.6,1.00404,8.74088e-07,0.051197,0.0569305,118548,744261,1.00124,0.556842,0.11834,0.22006,2.0522e+06,1.12024e+07,1.00551,0.513898,0.0378808,0.38954,371379,2.82825e+06,1.00666,0.815125,0.0629061,0.0759782,55349.8,390882,1.00176,0.100033,0.0471536,0.0656797,0.0569305,0.0011887,0.118211,0.000849877,0.0262853,0.000896781,0.00664752,0.00122031,0.00197347,0.0011025,0.0275054,0,0.22006,0,0.0131394,0,0.00218212,0,0.0154568,0,0.213839,3.62019,0.0722826,2.58831,0.38954,2.73115,0.236318,3.71646,0.182395,3.35768,0.0214822,3.165,0.0313452,2.26287,0.00505604,2.38775,0.0759782,3.24917,0.0163593,2.9355,0.00412735,0.00616764,6.43633e-05,0.00440965,0.0252853,0.00465301,0,0.00633165,0.0656797,0.00572041,0.132516,571484,2193.16,6603.6,450149,108427,4110.48
7,2022,0.434196,2.71121e+06,1.58278e+07,1.41619e+06,12831.1,92704.8,1.0047,8.69172e-07,0.0512536,0.0568264,119918,750864,1.00146,0.538231,0.118143,0.219568,2.13551e+06,1.16525e+07,1.00644,0.491358,0.0379348,0.388562,386953,2.93668e+06,1.00776,0.766822,0.0632091,0.0758103,56000,394992,1.00206,0.100389,0.0472186,0.0655237,0.0568264,0.001205,0.118008,0.000843228,0.0262403,0.000945615,0.00663089,0.00121841,0.00196833,0.00110628,0.027465,0,0.219568,0,0.0131165,0,0.00217789,0,0.0154185,0,0.213532,3.66984,0.0721583,2.56806,0.388562,2.87988,0.23599,3.71068,0.181894,3.3692,0.021446,3.20841,0.0312754,2.24516,0.00504574,2.51778,0.0758103,3.24412,0.016312,2.94557,0.00411958,0.00625223,6.4246e-05,0.00437515,0.0252484,0.00490639,0,0.00632181,0.0655237,0.00574004,0.120026,582061,2196.92,6608.16,457469,111642,4144.31
8,2023,0.433323,2.76339e+06,1.64098e+07,1.45222e+06,13156.3,94901.7,1.00534,8.51111e-07,0.0513099,0.0566851,121161,757473,1.00168,0.553826,0.118183,0.219439,2.16922e+06,1.211e+07,1.00736,0.496328,0.0379237,0.387763,403188,3.04832e+06,1.00886,0.750647,0.0635233,0.0755887,56661.1,399136,1.00236,0.102707,0.0472853,0.0653873,0.0566851,0.0011822,0.117968,0.000930598,0.0261867,0.00237464,0.00660863,0.00120341,0.00196402,0.00109699,0.0273987,0,0.219439,0,0.0130887,0,0.00217155,0,0.0153868,0,0.213007,3.60039,0.0721377,2.83414,0.387763,7.23198,0.235423,3.66501,0.181493,3.34089,0.0213811,3.14769,0.0312596,2.47779,0.00503454,6.32267,0.0755887,3.20419,0.0162777,2.92082,0.00410844,0.0061339,6.42286e-05,0.00482847,0.0251939,0.012321,0,0.006244,0.0653873,0.00569181,0.111401,644649,2531.68,6910.25,501337,129417,4452.66
9,2024,0.430709,2.94302e+06,1.70545e+07,1.47003e+06,13482.4,97433.4,1.00607,8.35998e-07,0.0513654,0.0565494,122480,764383,1.00191,0.550231,0.118091,0.219212,2.32976e+06,1.26114e+07,1.00831,0.469126,0.0381192,0.385109,419962,3.17774e+06,1.01008,0.723759,0.0638445,0.0755066,57328.5,403589,1.00268,0.100065,0.0473528,0.0649528,0.0565494,0.00135859,0.117847,0.000916964,0.0260507,0.000546495,0.00660009,0.00135012,0.00195009,0.00116758,0.0273315,0,0.219212,0,0.0130277,0,0.00217001,0,0.0152832,0,0.21242,4.13761,0.0720816,2.79262,0.385109,1.66435,0.235315,4.1118,0.180173,3.55587,0.0213168,3.61737,0.0312343,2.44149,0.00500531,1.45509,0.0755066,3.59481,0.0161698,3.10878,0.00409702,0.00704916,6.41651e-05,0.00475774,0.0250844,0.00283553,0,0.0070052,0.0649528,0.00605807,0.170489,588112,2218.2,6766.53,458312,116600,4214.99
10,2025,0.430271,2.79136e+06,1.76426e+07,1.47909e+06,13858.7,99651.6,1.00669,8.24805e-07,0.0514288,0.0563769,123663,771149,1.00213,0.557638,0.11831,0.219095,2.15965e+06,1.30697e+07,1.00916,0.506319,0.0381192,0.384786,436144,3.29434e+06,1.01113,0.712513,0.0639791,0.0751575,58046.2,407804,1.00299,0.101631,0.0474265,0.0648655,0.0563769,0.00103165,0.117801,0.00100024,0.0260229,0.000471481,0.00657113,0.00126099,0.00194719,0.00102774,0.0272553,0,0.219095,0,0.0130159,0,0.00216005,0,0.0152615,0,0.211828,3.1419,0.0720665,3.04624,0.384786,1.4359,0.234313,3.84036,0.179899,3.12999,0.0212502,2.74686,0.0312223,2.66322,0.00500109,1.25536,0.0751575,3.35749,0.0161471,2.73644,0.00408354,0.00535279,6.41505e-05,0.00518982,0.0250597,0.00244631,0,0.00654274,0.0648655,0.00533249,0.215248,584573,2225.59,6862.78,455234,116004,4246.07
11,2026,0.42883,2.77126e+06,1.82272e+07,1.50003e+06,14188.7,101877,1.00729,8.18457e-07,0.0514817,0.0562274,124824,778012,1.00235,0.561448,0.118526,0.21815,2.13955e+06,1.35249e+07,1.00996,0.514926,0.0381192,0.383461,433970,3.41034e+06,1.01213,0.742663,0.0639791,0.0750726,58726.8,412050,1.00329,0.101299,0.0474967,0.0646834,0.0562274,0.00118037,0.117296,0.00103492,0.025946,0.00396267,0.00656302,0.003225,0.00194157,0.00109181,0.0271935,0,0.21815,0,0.0129776,0,0.0021574,0,0.0152186,0,0.211234,3.59484,0.0717979,3.15187,0.383461,12.0684,0.234024,9.82013,0.179392,3.32513,0.0211949,3.14284,0.0310912,2.75557,0.0049849,10.5509,0.0750726,8.5854,0.0161049,2.90704,0.00407266,0.00612445,6.38594e-05,0.00536978,0.0249808,0.0205606,0,0.016735,0.0646834,0.00566495,0.103829,780432,3336.26,7575,585393,178939,5188.53
12,2027,0.427756,3.29788e+06,1.90076e+07,1.48095e+06,14520.1,105213,1.00818,7.91429e-07,0.051534,0.0559163,126001,785587,1.0026,0.56896,0.118743,0.217935,2.62327e+06,1.41103e+07,1.01096,0.411267,0.0384029,0.382411,474682,3.58928e+06,1.01363,0.683121,0.0648651,0.0749582,59413.4,417239,1.00365,0.103151,0.047568,0.0646094,0.0559163,0.00176169,0.117199,0.00112567,0.0259145,0.000211783,0.00654916,0.000769177,0.00193932,0.00132245,0.0270458,0,0.217935,0,0.0129676,0,0.00215572,0,0.0152056,0,0.210183,5.36525,0.0717514,3.42824,0.382411,0.644987,0.234052,2.34254,0.17917,4.02753,0.0210927,4.69065,0.0310639,2.99719,0.00497568,0.56389,0.0749582,2.048,0.0160883,3.52113,0.00405011,0.00914066,6.38151e-05,0.00584062,0.0249725,0.00109885,0,0.00399093,0.0646094,0.00686162,0.22066,561369,2210.97,6990.68,436408,111476,4283.37
13,2028,0.426881,2.66552e+06,1.9569e+07,1.46663e+06,15017.7,107424,1.00875,7.98353e-07,0.0516147,0.0557494,127301,792578,1.00282,0.557907,0.118971,0.217705,2.04608e+06,1.45467e+07,1.01167,0.526497,0.0384029,0.381643,416872,3.70076e+06,1.01452,0.748883,0.0648651,0.0747597,60252.6,421522,1.00394,0.102262,0.0476548,0.0643665,0.0557494,0.000777576,0.117092,0.000941547,0.0258657,0.000132316,0.00653532,0.00033746,0.00193163,0.000893237,0.0269803,0,0.217705,0,0.0129413,0,0.00215072,0,0.0151484,0,0.20967,2.36811,0.0716854,2.86749,0.381643,0.402971,0.233543,1.02774,0.178472,2.72036,0.021034,2.07036,0.0310304,2.50695,0.00496513,0.352303,0.0747597,0.898514,0.016029,2.37832,0.00403764,0.00403451,6.37618e-05,0.00488528,0.0249206,0.000686533,0,0.00175093,0.0643665,0.00463462,0.207866,540152,2184.29,6990.56,424722,102020,4234.98
14,2029,0.426019,2.57515e+06,2.01091e+07,1.50269e+06,15347.7,109609,1.0093,7.67456e-07,0.0516653,0.0555863,128344,799568,1.00304,0.579346,0.119046,0.217539,1.98949e+06,1.49714e+07,1.01234,0.551571,0.0384029,0.380831,382016,3.80278e+06,1.01531,0.850408,0.0648651,0.0746576,59951.9,425757,1.00423,0.102106,0.0476548,0.064348,0.0555863,0.00115846,0.117001,0.00117237,0.0258091,0.00131334,0.00652848,0.000512201,0.00193114,0.0024644,0.0268982,0,0.217539,0,0.012919,0,0.0021477,0,0.0151451,0,0.209028,3.5281,0.0716306,3.57046,0.380831,3.99977,0.23322,1.55991,0.178426,7.50536,0.0209557,3.0845,0.0310043,3.12153,0.00495657,3.49686,0.0746576,1.36378,0.0160249,6.56167,0.00402407,0.00601076,6.37197e-05,0.00608292,0.0248691,0.00681433,0,0.00265759,0.064348,0.0127867,0.108174,637919,2424.41,7253.34,483930,139807,4504.36
15,2030,0.42519,2.98058e+06,2.07471e+07,1.5321e+06,15674,112033,1.00991,7.61339e-07,0.0517147,0.0553666,129703,806822,1.00327,0.594249,0.119406,0.21737,2.25495e+06,1.54554e+07,1.01308,0.494015,0.0383904,0.38014,518621,3.94259e+06,1.01635,0.645739,0.0649208,0.0745603,61633.9,430261,1.00454,0.0998365,0.0477986,0.0641235,0.0553666,0.00130017,0.116919,0.000934269,0.0257634,0.000319021,0.00652123,0.000179102,0.00192412,0.000468634,0.0267986,0,0.21737,0,0.0128917,0,0.00214507,0,0.0150922,0,0.208059,3.95968,0.0716006,2.84533,0.38014,0.97158,0.232996,0.545457,0.177785,1.42723,0.0208702,3.46181,0.03098,2.48757,0.00494807,0.849419,0.0745603,0.476875,0.015969,1.24778,0.00400828,0.00674603,6.36848e-05,0.00484752,0.0248203,0.00165526,0,0.000929285,0.0641235,0.00243154,0.21735,575859,2299.22,7287.18,448224,113626,4422.58
16,2031,0.424361,2.72286e+06,2.13229e+07,1.53359e+06,16036.6,114332,1.01046,7.41387e-07,0.0517692,0.0552714,130950,814109,1.0035,0.591411,0.119628,0.217024,2.0899e+06,1.59036e+07,1.01375,0.528333,0.0383904,0.379432,423682,4.05621e+06,1.01717,0.816258,0.0649208,0.0744178,62295.2,434684,1.00483,0.0987238,0.0478411,0.0637708,0.0552714,0.00110962,0.116744,0.00102274,0.0257167,0.000475251,0.00649898,0.000209447,0.00191429,0.00117034,0.026759,0,0.217024,0,0.0128682,0,0.00214026,0,0.0150143,0,0.207811,3.37936,0.07152,3.11477,0.379432,1.44738,0.232225,0.637873,0.176826,3.56428,0.0208403,2.95445,0.0309331,2.72314,0.00493793,1.26539,0.0744178,0.557671,0.0158865,3.11613,0.00400162,0.00575734,6.35895e-05,0.00530657,0.0247714,0.00246587,0,0.00108673,0.0637708,0.0060724,0.150395,589338,2331.68,7375.73,453372,121795,4463.25
17,2032,0.423897,2.77605e+06,2.19123e+07,1.57985e+06,16380.8,116664,1.01102,7.21307e-07,0.0518194,0.0551816,132203,821485,1.00373,0.603913,0.119848,0.21602,2.11181e+06,1.6357e+07,1.0144,0.540026,0.0383904,0.379122,452803,4.17801e+06,1.01802,0.78003,0.0649208,0.0742349,62857.1,439147,1.00513,0.101523,0.0478562,0.0637162,0.0551816,0.0011856,0.116237,0.00102958,0.0256977,0.00362133,0.00647359,0.000731926,0.00191259,0.00139016,0.0267235,0,0.21602,0,0.0128578,0,0.00213383,0,0.015002,0,0.207592,3.61075,0.0711395,3.1356,0.379122,11.0288,0.231375,2.22909,0.176672,4.23374,0.020808,3.15676,0.0308003,2.74135,0.00493398,9.64208,0.0742349,1.94881,0.0158731,3.70141,0.00399614,0.00615157,6.32978e-05,0.00534206,0.02475,0.0187895,0,0.00379765,0.0637162,0.00721293,0.0786348,829285,3083.36,7918.71,627365,185786,5132.73
18,2033,0.423231,3.69594e+06,2.27415e+07,1.60461e+06,16730.1,119747,1.01174,7.0489e-07,0.0518692,0.0551041,133474,829403,1.00397,0.588081,0.120078,0.215559,2.88989e+06,1.69843e+07,1.01528,0.400896,0.0383904,0.378558,592039,4.36379e+06,1.01928,0.610226,0.0668644,0.0740987,63811.8,444280,1.00546,0.0986434,0.0480276,0.0634478,0.0551041,0.00154461,0.116013,0.00109112,0.0256569,0.000141102,0.00645507,0.000233507,0.00190524,0.000940827,0.0266915,0,0.215559,0,0.0128379,0,0.002133,0,0.0149471,0,0.207323,4.70411,0.0710015,3.32301,0.378558,0.429728,0.231692,0.711148,0.175901,2.8653,0.0207767,4.11264,0.0307298,2.90519,0.00492726,0.375696,0.0740987,0.621732,0.0158151,2.50503,0.00399024,0.0080143,6.31685e-05,0.00566134,0.0247091,0.000732119,0,0.00121157,0.0634478,0.00488155,0.212814,594556,2386.08,7517.74,461519,118598,4535.49
19,2034,0.422564,2.80005e+06,2.33361e+07,1.6542e+06,17192.7,122133,1.01228,6.95291e-07,0.0519348,0.0550099,134837,836921,1.0042,0.613076,0.120313,0.215405,2.14334e+06,1.74458e+07,1.0159,0.561845,0.0383904,0.377953,441006,4.48239e+06,1.02005,0.818422,0.0668644,0.0740001,63674.5,448815,1.00575,0.100171,0.0480276,0.0632023,0.0550099,0.000902723,0.11595,0.000964804,0.025622,0.000108185,0.00644718,0.000137418,0.00189786,0.0048,0.0266527,0,0.215405,0,0.012819,0,0.00213041,0,0.0148939,0,0.20706,2.74925,0.0709685,2.93832,0.377953,0.329479,0.23142,0.418507,0.175267,14.6144,0.0207441,2.40357,0.0307111,2.56887,0.00491951,0.288052,0.0740001,0.365887,0.0157537,12.7769,0.00398379,0.00468384,6.31372e-05,0.00500595,0.0246747,0.000561326,0,0.000713003,0.0632023,0.02491,0.153595,614673,2463.97,7705.88,480000,119822,4681.06
20,2035,0.422111,2.88967e+06,2.39508e+07,1.6572e+06,17550.8,124597,1.01283,7.12448e-07,0.051983,0.0549264,136133,844627,1.00443,0.631594,0.120542,0.215171,2.22525e+06,1.79258e+07,1.01653,0.540047,0.0383904,0.377641,445356,4.60221e+06,1.02081,0.814558,0.0668644,0.0739595,65374.1,453496,1.00605,0.102569,0.0481886,0.0627909,0.0549264,0.00120386,0.115838,0.0010404,0.0256019,0.00102546,0.00644414,0.003225,0.00188524,0.000481974,0.0266134,0,0.215171,0,0.0128075,0,0.00212918,0,0.014797,0,0.20674,3.66638,0.070898,3.16855,0.377641,3.12304,0.231291,9.82013,0.174026,1.46785,0.020706,3.20539,0.0306767,2.77016,0.00491517,2.73037,0.0739595,8.5854,0.0156467,1.28329,0.00397699,0.00624634,6.30774e-05,0.0053982,0.024654,0.00532066,0,0.016735,0.0627909,0.00250075,0.103169,712570,2742.9,7993.3,542803,154094,4936.82
21,2036,0.421151,3.29537e+06,2.46633e+07,1.68705e+06,17921.1,127340,1.01343,7.08092e-07,0.0520323,0.0547594,137463,852620,1.00467,0.613098,0.120772,0.214827,2.50364e+06,1.84686e+07,1.01722,0.491629,0.0383904,0.376754,570195,4.75631e+06,1.02175,0.640022,0.066511,0.0739813,66154.2,458433,1.00636,0.105438,0.0482769,0.0627511,0.0547594,0.00129652,0.115653,0.00105233,0.0255314,0.000341222,0.00644717,0.00021601,0.00188401,0.00110748,0.0265281,0,0.214827,0,0.0127739,0,0.0021293,0,0.0147893,0,0.206137,3.94856,0.070807,3.20487,0.376754,1.03919,0.231233,0.65786,0.173894,3.37283,0.020649,3.45209,0.0306287,2.80191,0.00490296,0.908531,0.0739813,0.575144,0.0156386,2.94875,0.003965,0.00672708,6.29737e-05,0.00546007,0.0245879,0.00177045,0,0.00112078,0.0627511,0.00574622,0.221962,639736,2552.53,7885.73,498550,125929,4819.75
22,2037,0.420594,2.99366e+06,2.53031e+07,1.69893e+06,18333.6,129893,1.01398,7.13057e-07,0.0520875,0.0545986,138842,860506,1.0049,0.605479,0.121007,0.214581,2.30224e+06,1.89672e+07,1.01784,0.537455,0.0383904,0.3763,467280,4.88224e+06,1.0225,0.792714,0.066511,0.073881,66962.6,463253,1.00666,0.10598,0.0483642,0.0626172,0.0545986,0.00108272,0.115535,0.00100053,0.0255013,0.000433205,0.00643784,0.000214133,0.0018796,0.00104349,0.0264531,0,0.214581,0,0.0127582,0,0.00212634,0,0.0147579,0,0.205539,3.29742,0.0707494,3.04711,0.3763,1.31933,0.230901,0.652143,0.173516,3.17797,0.020585,2.88282,0.0305888,2.66398,0.00489631,1.15345,0.073881,0.570146,0.015603,2.77839,0.00395304,0.00561774,6.29108e-05,0.0051913,0.0245594,0.00224772,0,0.00111104,0.0626172,0.00541424,0.153486,651230,2589.75,7975.75,505800,129983,4880.99
23,2038,0.419599,3.03954e+06,2.59543e+07,1.70535e+06,18717.9,132483,1.01452,7.00926e-07,0.0521374,0.0543526,140204,868482,1.00513,0.606336,0.121239,0.213304,2.33101e+06,1.9473e+07,1.01845,0.528039,0.0383904,0.375534,481856,5.01222e+06,1.02325,0.793071,0.066511,0.0738107,67752.8,468134,1.00696,0.108089,0.0484497,0.0625232,0.0543526,0.00117952,0.114877,0.00102488,0.0254383,0.00307657,0.00643223,0.0015605,0.00187676,0.00108083,0.0263395,0,0.213304,0,0.012734,0,0.00212435,0,0.0147395,0,0.204608,3.59222,0.0702624,3.12129,0.375534,9.36973,0.230716,4.75251,0.173242,3.29169,0.0204846,3.14056,0.0304167,2.72884,0.00488652,8.19163,0.0738107,4.15495,0.0155835,2.87781,0.00393345,0.00612,6.25334e-05,0.00531768,0.0245087,0.015963,0,0.00809675,0.0625232,0.00560799,0.0580866,882303,3235.35,8417.55,656677,208521,5453.21
24,2039,0.418823,3.93991e+06,2.68366e+07,1.75378e+06,19108,135718,1.01518,7.01558e-07,0.0521869,0.054247,141583,876899,1.00538,0.615024,0.121484,0.213041,3.00399e+06,2.01297e+07,1.01922,0.423776,0.0383904,0.374859,706681,5.22074e+06,1.02443,0.546599,0.0677862,0.0735819,68554,473587,1.0073,0.108074,0.0485362,0.0623055,0.054247,0.00145109,0.114755,0.00106822,0.0253957,0.000170761,0.00640601,0.000162309,0.00186926,0.0011911,0.026283,0,0.213041,0,0.0127085,0,0.00211816,0,0.014686,0,0.204156,4.4193,0.0702025,3.25327,0.374859,0.520055,0.230365,0.494315,0.172609,3.6275,0.0204326,3.86364,0.0303764,2.84423,0.00487791,0.454666,0.0735819,0.432162,0.0155235,3.1714,0.00392493,0.00752908,6.24688e-05,0.00554254,0.0244572,0.000886008,0,0.000842154,0.0623055,0.00618009,0.212398,652362,2636.18,8174.46,508693,127883,4975
25,2040,0.417985,3.04252e+06,2.7489e+07,1.73436e+06,19596.1,138354,1.01571,7.0762e-07,0.052249,0.0541938,143038,885074,1.00561,0.616118,0.121734,0.212369,2.33685e+06,2.06384e+07,1.01979,0.537929,0.0383904,0.374104,473790,5.34862e+06,1.02512,0.805265,0.0677862,0.0735819,69238.6,478562,1.0076,0.11045,0.0485541,0.0621314,0.0541938,0.000945242,0.114468,0.000982757,0.0253484,0.000133438,0.00640601,9.60947e-05,0.00186411,0.00127183,0.0262643,0,0.212369,0,0.0126784,0,0.00211816,0,0.0146483,0,0.203999,2.87874,0.0700053,2.99299,0.374104,0.406387,0.230365,0.292657,0.172134,3.87336,0.0204132,2.51678,0.0302794,2.61667,0.00486828,0.35529,0.0735819,0.25586,0.0154806,3.38634,0.0039212,0.00490446,6.23095e-05,0.0050991,0.0243989,0.000692354,0,0.000498594,0.0621314,0.00659896,0.210519,638646,2626.19,8235.15,498537,124349,4898.47
26,2041,0.417579,2.98289e+06,2.81276e+07,1.77502e+06,19994,140980,1.01623,6.85181e-07,0.0522975,0.054152,144453,893309,1.00585,0.62845,0.121979,0.212249,2.2897e+06,2.11369e+07,1.02034,0.560013,0.0383904,0.373758,460605,5.47297e+06,1.02577,0.856023,0.0677862,0.0734703,68135.1,483461,1.00789,0.112727,0.0485541,0.0619436,0.054152,0.00115493,0.114415,0.0010187,0.0253215,0.00185039,0.00639757,0.00165042,0.00185824,0.000776831,0.0262467,0,0.212249,0,0.0126662,0,0.00211478,0,0.014605,0,0.20387,3.51736,0.0699828,3.10246,0.373758,5.63537,0.229989,5.02636,0.171619,2.36584,0.0203984,3.07511,0.030263,2.71237,0.00486363,4.92681,0.0734703,4.39437,0.0154401,2.06838,0.00391847,0.00599246,6.22856e-05,0.0052856,0.0243754,0.00960086,0,0.00856331,0.0619436,0.00403064,0.0911521,791407,3054.27,8623.22,600813,173524,5392.53
27,2042,0.417041,3.6215e+06,2.8919e+07,1.78224e+06,20390.8,144035,1.01682,6.93356e-07,0.0523449,0.0540673,145879,901932,1.00609,0.640966,0.122225,0.211094,2.74492e+06,2.17377e+07,1.02099,0.463784,0.0383904,0.37338,639229,5.6465e+06,1.02666,0.638124,0.0675863,0.0734768,71074.7,488853,1.00821,0.109494,0.0488065,0.0618183,0.0540673,0.00134712,0.113732,0.00105817,0.0252975,0.00023097,0.00639843,0.000170005,0.00185419,0.00032103,0.026212,0,0.211094,0,0.0126525,0,0.00211472,0,0.0145796,0,0.203623,4.10266,0.0696208,3.22266,0.37338,0.703422,0.229926,0.517751,0.171234,0.9777,0.0203711,3.58681,0.0300906,2.81746,0.00485896,0.614977,0.0734768,0.452652,0.0154151,0.854769,0.0039126,0.00698961,6.19363e-05,0.00549039,0.0243534,0.00119841,0,0.000882082,0.0618183,0.00166569,0.21959,664923,2720.27,8535.9,513027,135617,5022.96
28,2043,0.416214,3.0879e+06,2.9584e+07,1.81934e+06,20852.7,146755,1.01734,6.99881e-07,0.0523995,0.0540012,147372,910468,1.00633,0.637899,0.122475,0.210935,2.34872e+06,2.22507e+07,1.02153,0.550748,0.0383904,0.372579,501249,5.78211e+06,1.02734,0.845758,0.0675863,0.0733718,69709.6,493876,1.0085,0.11254,0.0488065,0.0616556,0.0540012,0.0010306,0.113663,0.00100031,0.0252455,0.000226601,0.00639049,0.000172003,0.00184999,0.000643952,0.0261825,0,0.210935,0,0.0126313,0,0.00211264,0,0.0145407,0,0.203447,3.13869,0.0695941,3.04647,0.372579,0.690115,0.229685,0.523838,0.17078,1.96116,0.020345,2.74405,0.0300738,2.66342,0.00484951,0.603344,0.0733718,0.457973,0.0153721,1.71458,0.00390773,0.00534732,6.19117e-05,0.0051902,0.0243036,0.00117574,0,0.000892452,0.0616556,0.00334119,0.169808,678816,2762.03,8638.53,521989,140335,5090.69
29,2044,0.415279,3.1434e+06,3.02628e+07,1.81354e+06,21264.4,149517,1.01785,6.88714e-07,0.0524463,0.053972,148852,919107,1.00657,0.635599,0.122724,0.210151,2.3844e+06,2.27727e+07,1.02206,0.53899,0.0383904,0.371716,518316,5.92245e+06,1.02802,0.821647,0.0675863,0.0733452,70567.2,498967,1.00879,0.111745,0.0488065,0.0615052,0.053972,0.00117411,0.113235,0.00102192,0.025192,0.00256025,0.00638921,0.00143898,0.00184517,0.00103879,0.0261716,0,0.210151,0,0.0125987,0,0.00211215,0,0.0145039,0,0.20338,3.57576,0.069373,3.11227,0.371716,7.79727,0.229623,4.38242,0.170356,3.16364,0.0203345,3.12616,0.0299638,2.72095,0.0048378,6.81688,0.0733452,3.8314,0.0153323,2.76586,0.00390589,0.00609194,6.16743e-05,0.00530232,0.0242523,0.0132841,0,0.00746624,0.0615052,0.00538982,0.0709057,866901,3293.99,9011.33,648136,200774,5686
30,2045,0.415071,3.91468e+06,3.11297e+07,1.8642e+06,21682.7,152811,1.01845,6.98505e-07,0.052493,0.0538886,150350,928118,1.00682,0.627849,0.122974,0.209859,2.94553e+06,2.34209e+07,1.02271,0.444,0.0383904,0.371613,723486,6.12322e+06,1.02898,0.627709,0.0675863,0.0732914,73633.7,504653,1.00911,0.106637,0.0490811,0.0612995,0.0538886,0.0013779,0.113082,0.00105289,0.0251858,0.000202134,0.00638348,0.00017125,0.00183805,0.000324492,0.0261351,0,0.209859,0,0.0125961,0,0.00210985,0,0.0144601,0,0.203118,4.19641,0.0693004,3.20658,0.371613,0.615602,0.229449,0.521543,0.169701,0.988244,0.0203043,3.66878,0.0299238,2.8034,0.00483683,0.5382,0.0732914,0.455967,0.0152845,0.863987,0.00390041,0.00714934,6.16105e-05,0.00546298,0.0242472,0.00104879,0,0.000888543,0.0612995,0.00168365,0.0709057,0,0,0,0,0,0
