t,year,rho_A,GDP_proxy,K_total,U_total,X_Добыча,K_Добыча,theta_Добыча,fd_share_Добыча,HHI_Добыча,A_diag_Добыча,X_Энергетика,K_Энергетика,theta_Энергетика,fd_share_Энергетика,HHI_Энергетика,A_diag_Энергетика,X_Обработка,K_Обработка,theta_Обработка,fd_share_Обработка,HHI_Обработка,A_diag_Обработка,X_Строительство,K_Строительство,theta_Строительство,fd_share_Строительство,HHI_Строительство,A_diag_Строительство,X_С/х,K_С/х,theta_С/х,fd_share_С/х,HHI_С/х,A_diag_С/х,A_00,B_00,A_01,B_01,A_02,B_02,A_03,B_03,A_04,B_04,A_10,B_10,A_11,B_11,A_12,B_12,A_13,B_13,A_14,B_14,A_20,B_20,A_21,B_21,A_22,B_22,A_23,B_23,A_24,B_24,A_30,B_30,A_31,B_31,A_32,B_32,A_33,B_33,A_34,B_34,A_40,B_40,A_41,B_41,A_42,B_42,A_43,B_43,A_44,B_44,balance_resid,I_total,I_Добыча,I_Энергетика,I_Обработка,I_Строительство,I_С/х
0,2015,0.444176,2.14059e+06,1.22915e+07,1.24321e+06,10746,78100,0.984472,9.30579e-07,0.0400229,0.0578,106178,707000,0.91172,0.545484,0.0749758,0.2281,1.67556e+06,8.8855e+06,0.973455,0.548764,0.0320428,0.398,297148,2.2527e+06,0.89339,0.878567,0.0501246,0.0769,50958,368200,1.00305,0.0929339,0.0384512,0.0675,0.0578,0.0008,0.1214,0.0017,0.0268,0.0014,0.0068,0.0006,0.002,0.001,0.0276,0,0.2281,0,0.0133,0,0.0022,0,0.0158,0,0.2136,2.4017,0.0735,5.2517,0.398,4.2448,0.2336,1.964,0.1901,2.9229,0.0218,2.0997,0.0323,4.5914,0.0052,3.711,0.0769,1.7171,0.0168,2.5554,0.0042,0.0041,0.0001,0.009,0.0255,0.0072,0,0.0033,0.0675,0.005,0.148633,409251,1533.59,2755.4,369042,34149.9,1770.04
1,2016,0.443398,2.00803e+06,1.27008e+07,1.26186e+06,10838.9,79633.6,0.986596,9.36445e-07,0.0415339,0.0575958,99378.7,709755,0.912681,0.591546,0.0785664,0.225296,1.58335e+06,9.25454e+06,0.975556,0.589434,0.032513,0.397105,266445,2.28685e+06,0.89534,0.994503,0.0529745,0.0762366,48019.3,369970,1.00449,0.100101,0.0386894,0.0675571,0.0575958,0.00293194,0.120988,6.99145e-05,0.0267049,0.000703508,0.00670538,0.000181102,0.00199458,0.000109824,0.0277551,0,0.225296,0,0.0133301,0,0.00219265,0,0.0159117,0,0.215851,8.80206,0.0734893,0.215982,0.397105,2.13304,0.236273,0.592808,0.18834,0.321006,0.0217372,7.69525,0.0321425,0.188827,0.00515561,1.8648,0.0762366,0.518284,0.0168658,0.280645,0.004187,0.0150262,9.96984e-05,0.000370136,0.025651,0.00361804,0,0.000996062,0.0675571,0.000549122,0.192477,428923,1498.87,2804.47,388847,33971,1801.45
2,2017,0.442939,2.11656e+06,1.31297e+07,1.28078e+06,11077.4,81132.5,0.988705,9.30024e-07,0.0415442,0.0573822,102668,712560,0.913646,0.581182,0.0800487,0.224082,1.67745e+06,9.64339e+06,0.977678,0.564715,0.0325588,0.396905,274759,2.32082e+06,0.897291,0.978876,0.0535501,0.0760542,50603.7,371771,1.00593,0.0964132,0.0394305,0.0672141,0.0573822,0.00111547,0.120454,0.000147083,0.0266933,0.000726402,0.00668811,0.000665279,0.00198329,0.000127096,0.0276564,0,0.224082,0,0.0133338,0,0.0021894,0,0.0158488,0,0.214962,3.34878,0.0733745,0.454374,0.396905,2.20245,0.236054,2.17768,0.187207,0.37149,0.0216559,2.92769,0.0319934,0.397245,0.00515148,1.92548,0.0760542,1.90392,0.0168052,0.324782,0.00417149,0.00571679,9.93636e-05,0.000778675,0.0256583,0.00373578,0,0.00365904,0.0672141,0.000635482,0.177037,450753,1531.85,2853.94,409822,34673,1871.9
3,2018,0.442269,2.21316e+06,1.35804e+07,1.29999e+06,11314,82664.3,0.990821,9.24234e-07,0.0415716,0.0571373,103957,715414,0.914613,0.582585,0.0793004,0.223275,1.76548e+06,1.00532e+07,0.979815,0.544604,0.0326736,0.396405,279715,2.35549e+06,0.899249,0.975956,0.0536495,0.0760418,52691.6,373643,1.00739,0.0939817,0.0402404,0.0670176,0.0571373,0.00114943,0.1201,0.000381983,0.0266809,0.000818318,0.00668651,0.00113919,0.00197882,0.000163474,0.0275467,0,0.223275,0,0.0133295,0,0.00218936,0,0.0158282,0,0.213908,3.45073,0.0730358,1.18004,0.396405,2.48114,0.236084,3.72894,0.186683,0.477819,0.0215596,3.01682,0.0318812,1.03167,0.00514686,2.16913,0.0760418,3.26017,0.016768,0.417742,0.00415387,0.00589083,9.90346e-05,0.00202226,0.0256564,0.00420849,0,0.00626553,0.0670176,0.000817371,0.164193,473667,1575.49,2905.98,431612,35639.5,1934.02
4,2019,0.441523,2.31006e+06,1.40541e+07,1.31949e+06,11556.4,84239.8,0.992945,9.18424e-07,0.0415995,0.0570048,105137,718320,0.915584,0.584692,0.0787161,0.222862,1.85457e+06,1.04848e+07,0.981965,0.526219,0.0327843,0.395734,284790,2.39113e+06,0.901216,0.972942,0.0537531,0.0759047,54000.5,375577,1.00884,0.0930793,0.0407253,0.0668343,0.0570048,0.00115406,0.119862,0.000425126,0.0266583,0.000851595,0.00667112,0.0011434,0.00197215,0.000269428,0.0274836,0,0.222862,0,0.0133204,0,0.00218447,0,0.0157903,0,0.213369,3.46465,0.0728804,1.31331,0.395734,2.58204,0.235726,3.74273,0.186252,0.787512,0.0215156,3.02899,0.0318102,1.14819,0.00514066,2.25734,0.0759047,3.27222,0.0167383,0.688497,0.00414476,0.00591458,9.88865e-05,0.00225067,0.0256411,0.00437963,0,0.0062887,0.0668343,0.00134714,0.153787,495331,1607.32,2947.48,452471,36349.4,1955.74
5,2020,0.440955,2.40436e+06,1.45494e+07,1.33929e+06,11806.1,85847.1,0.995075,9.12483e-07,0.0416276,0.0568524,105757,721267,0.916558,0.589978,0.078695,0.221748,1.9424e+06,1.09373e+07,0.984122,0.509962,0.0328721,0.395312,290016,2.42748e+06,0.903188,0.969742,0.0538593,0.0758925,54383.9,377533,1.01031,0.0938094,0.0407568,0.0666821,0.0568524,0.00114266,0.119247,0.000819129,0.0266459,0.000905614,0.00666956,0.00113256,0.00196747,0.000929987,0.02742,0,0.221748,0,0.0133174,0,0.00218446,0,0.0157547,0,0.212898,3.43041,0.0724684,2.53048,0.395312,2.74582,0.235758,3.70726,0.185881,2.71826,0.0214615,2.99906,0.0316503,2.21232,0.005138,2.40052,0.0758925,3.24121,0.0166998,2.37649,0.00413403,0.00585614,9.83646e-05,0.00433657,0.0256399,0.00465744,0,0.0062291,0.0666821,0.00464994,0.146021,516398,1643.67,2979.63,472585,37207,1982.76
6,2021,0.440555,2.49529e+06,1.50658e+07,1.35938e+06,12061.4,87490.8,0.997211,9.06561e-07,0.0416557,0.0567618,106320,724247,0.917533,0.59566,0.0787452,0.221502,2.02678e+06,1.14099e+07,0.986282,0.496062,0.0329371,0.394998,295361,2.46469e+06,0.905168,0.966477,0.0539678,0.0757243,54772.6,379516,1.01177,0.0945409,0.0407898,0.066465,0.0567618,0.00114267,0.119143,0.000913795,0.026635,0.00098451,0.00664921,0.00113349,0.00196203,0.000930187,0.0273749,0,0.221502,0,0.0133129,0,0.00217941,0,0.0157109,0,0.212605,3.43043,0.0724023,2.82293,0.394998,2.98503,0.235133,3.71029,0.185311,2.71884,0.0214253,2.99908,0.0316234,2.468,0.00513554,2.60965,0.0757243,3.24386,0.0166469,2.377,0.00412741,0.00585617,9.8274e-05,0.00483774,0.0256334,0.00506319,0,0.0062342,0.066465,0.00465093,0.141777,532950,1680.93,3014.47,488215,38028.6,2011.25
7,2022,0.4404,2.5683e+06,1.55988e+07,1.37977e+06,12323.2,89171.7,0.999353,9.00616e-07,0.0416837,0.0566656,106889,727261,0.918511,0.601378,0.0787953,0.221147,2.09308e+06,1.18981e+07,0.988433,0.487555,0.0329336,0.394977,300846,2.50272e+06,0.907154,0.963088,0.0540809,0.075711,55166.8,381527,1.01324,0.0952733,0.0408233,0.0661026,0.0566656,0.00114017,0.118973,0.000914532,0.0266364,0.00129446,0.00664758,0.00112878,0.00195152,0.000930284,0.0273339,0,0.221147,0,0.0133124,0,0.00217937,0,0.0156222,0,0.212375,3.42294,0.0722885,2.82521,0.394977,3.92479,0.235163,3.69486,0.184365,2.71913,0.0213932,2.99252,0.0315789,2.46999,0.00513499,3.43124,0.075711,3.23037,0.0165535,2.37725,0.00412103,0.00584338,9.81194e-05,0.00484164,0.0256339,0.00665721,0,0.00620826,0.0661026,0.00465142,0.136817,555868,1739.55,3066.53,509739,39266.3,2056.03
8,2023,0.439994,2.66293e+06,1.61546e+07,1.40046e+06,12591.4,90911.3,1.00151,8.9465e-07,0.041712,0.0565616,107464,730328,0.91949,0.607131,0.0788452,0.220335,2.18084e+06,1.24078e+07,0.990588,0.474954,0.0329812,0.394731,306467,2.54198e+06,0.909151,0.959604,0.0541966,0.0756956,55566.9,383583,1.01472,0.0960061,0.0408574,0.0658125,0.0565616,0.00115118,0.118572,0.000919733,0.0266285,0.00102102,0.00664571,0.00113735,0.0019428,0.000936979,0.0272839,0,0.220335,0,0.0133084,0,0.00217927,0,0.015557,0,0.211974,3.45597,0.0719901,2.84127,0.394731,3.09572,0.235188,3.72292,0.183601,2.7387,0.0213445,3.0214,0.0314696,2.48404,0.00513221,2.70642,0.0756956,3.2549,0.0164853,2.39436,0.00411287,0.00589978,9.77653e-05,0.00486918,0.0256294,0.00525095,0,0.00625541,0.0658125,0.0046849,0.0802963,557787,1749.35,3094.37,511296,39587.4,2059.54
9,2024,0.439519,2.67649e+06,1.67124e+07,1.42147e+06,12869.4,92660.6,1.00366,8.88453e-07,0.0417412,0.0563627,108048,733422,0.920471,0.612904,0.0788971,0.219105,2.18731e+06,1.29191e+07,0.992708,0.480651,0.0329761,0.394523,312282,2.58157e+06,0.911148,0.955863,0.0543162,0.0754565,55975.4,385643,1.01619,0.096735,0.0408921,0.0655505,0.0563627,0.0011171,0.117859,0.000913253,0.0266148,0.007,0.00661765,0.00110862,0.00193578,0.000919278,0.0271967,0,0.219105,0,0.0133023,0,0.00217182,0,0.0154995,0,0.211382,3.35366,0.0715058,2.82125,0.394523,21.224,0.234338,3.62888,0.1829,2.68696,0.021275,2.93196,0.0312876,2.46653,0.00513005,18.555,0.0754565,3.17268,0.0164233,2.34912,0.00409922,0.00572512,9.72078e-05,0.00483487,0.0256171,0.036,0,0.0060974,0.0655505,0.00459639,0.145626,711362,3302.63,4018.36,629406,71290,3345.01
10,2025,0.437863,2.95618e+06,1.74238e+07,1.44279e+06,13150,95963.2,1.00627,8.82541e-07,0.0417698,0.0561889,108639,737441,0.921482,0.618718,0.0789513,0.218716,2.45984e+06,1.35485e+07,0.995003,0.433811,0.0335088,0.39277,318166,2.65286e+06,0.913463,0.952258,0.0544377,0.0754308,56385.8,388988,1.01777,0.0974715,0.040927,0.0654826,0.0561889,0.00208991,0.117671,0.00117441,0.0265742,0.000405976,0.00661505,0.00197261,0.00193359,0.00148636,0.0271069,0,0.218716,0,0.0132877,0,0.0021715,0,0.0154833,0,0.210697,6.27418,0.071392,3.62803,0.39277,1.23092,0.234336,6.45701,0.182706,4.34447,0.0212048,5.48524,0.0312358,3.17187,0.00511717,1.07613,0.0754308,5.64528,0.0164042,3.79824,0.00408604,0.0107108,9.70604e-05,0.00621746,0.0256121,0.00208787,0,0.0108494,0.0654826,0.00743178,0.202187,554262,1799.06,3140.54,506334,40907.5,2080.62
11,2026,0.437518,2.66641e+06,1.79781e+07,1.46443e+06,13663.3,97762.3,1.00841,8.62126e-07,0.0418321,0.0561279,109374,740581,0.922466,0.623775,0.0790107,0.218413,2.15799e+06,1.40549e+07,0.997044,0.501906,0.0335088,0.392486,328369,2.69377e+06,0.915465,0.93651,0.0546512,0.0754102,57007.3,391068,1.01924,0.0978549,0.0409834,0.0653301,0.0561279,0.000622209,0.117524,0.000736568,0.0265598,0.000294871,0.00661234,0.000652825,0.00192943,0.00061036,0.0270853,0,0.218413,0,0.0132759,0,0.00217145,0,0.0154464,0,0.210547,1.86795,0.0712996,2.27543,0.392486,0.89405,0.234401,2.13691,0.182293,1.78402,0.0211833,1.63307,0.0311967,1.98934,0.00511257,0.78162,0.0754102,1.86828,0.0163704,1.55971,0.0040813,0.00318882,9.6935e-05,0.00389948,0.0255978,0.00151648,0,0.00359054,0.0653301,0.0030518,0.176775,535220,1794.62,3149.76,487318,40885.4,2071.5
12,2027,0.436988,2.59315e+06,1.85133e+07,1.4864e+06,13954,99556.9,1.01056,8.56828e-07,0.0418609,0.0560227,109974,743731,0.92345,0.629677,0.0790644,0.218149,2.0773e+06,1.45422e+07,0.999027,0.529224,0.0335088,0.392045,334501,2.73465e+06,0.917464,0.933131,0.0547765,0.0753899,57424,393140,1.02072,0.098602,0.041019,0.0651141,0.0560227,0.00109592,0.117404,0.000905535,0.0265329,0.00106157,0.00661044,0.00108554,0.00192315,0.000906559,0.0270354,0,0.218149,0,0.013261,0,0.00217129,0,0.0153925,0,0.210192,3.29007,0.0712246,2.79741,0.392045,3.21868,0.234416,3.55335,0.181643,2.64978,0.0211387,2.87637,0.0311622,2.44569,0.00510634,2.81392,0.0753899,3.10664,0.0163162,2.31662,0.00407381,0.00561657,9.68352e-05,0.00479401,0.0255706,0.00545951,0,0.00597049,0.0651141,0.00453279,0.135681,595706,1899.19,3224.29,545331,43100.3,2151.34
13,2028,0.436694,2.83948e+06,1.9109e+07,1.5087e+06,14245.2,101456,1.01272,8.51902e-07,0.0418889,0.0559097,110577,746955,0.924438,0.635638,0.0791182,0.217807,2.31616e+06,1.50875e+07,1.00108,0.481767,0.0335088,0.391845,340660,2.77776e+06,0.919483,0.930004,0.054902,0.0753768,57840.3,395291,1.02221,0.0993607,0.0410543,0.0650144,0.0559097,0.00115781,0.11721,0.000922937,0.0265206,0.000401329,0.00660889,0.00113943,0.00191989,0.000942226,0.0269852,0,0.217807,0,0.0132554,0,0.00217126,0,0.0153668,0,0.209721,3.47589,0.0711054,2.85117,0.391845,1.21683,0.234447,3.72973,0.181335,2.75403,0.0210972,3.03882,0.0311075,2.49269,0.00510389,1.06381,0.0753768,3.26085,0.0162898,2.40776,0.00406591,0.00593378,9.66719e-05,0.00488614,0.0255592,0.00206398,0,0.00626686,0.0650144,0.00471113,0.189461,565457,1881.23,3224.42,515402,42818.7,2131.09
14,2029,0.436589,2.72363e+06,1.96744e+07,1.53133e+06,14553.3,103337,1.01488,8.46378e-07,0.0419185,0.0558443,111193,750180,0.925426,0.641601,0.079172,0.217673,2.19247e+06,1.56029e+07,1.00305,0.516581,0.0335088,0.391845,347151,2.82057e+06,0.921497,0.926305,0.0550341,0.0753245,58271,397422,1.0237,0.100106,0.0410909,0.0647426,0.0558443,0.00108419,0.117148,0.000903618,0.0265206,0.000732464,0.00660363,0.00107412,0.00191232,0.00090229,0.0269503,0,0.217673,0,0.0132554,0,0.00217009,0,0.0153039,0,0.209434,3.25487,0.0710627,2.79149,0.391845,2.22083,0.234367,3.51596,0.180598,2.6373,0.0210635,2.84559,0.0310896,2.44051,0.00510389,1.94155,0.0753245,3.07396,0.016221,2.30571,0.00406039,0.00555647,9.66256e-05,0.00478386,0.0255592,0.00376696,0,0.00590767,0.0647426,0.00451145,0.144874,588774,1943.15,3273.3,537246,44134,2176.79
15,2030,0.436013,2.81952e+06,2.02632e+07,1.5543e+06,14859.8,105280,1.01705,8.41352e-07,0.0419475,0.0557114,111810,753453,0.926416,0.647632,0.0792257,0.217391,2.28052e+06,1.61402e+07,1.00503,0.504084,0.0335052,0.391397,353633,2.86471e+06,0.923521,0.922965,0.0551653,0.0753114,58699.7,399599,1.02519,0.100865,0.0411277,0.0644427,0.0557114,0.00112534,0.116965,0.000915405,0.0264893,0.00107249,0.00660207,0.00110852,0.00190458,0.000925743,0.026893,0,0.217391,0,0.0132416,0,0.00217006,0,0.0152349,0,0.208839,3.37843,0.0709705,2.8279,0.391397,3.25178,0.234399,3.62856,0.179792,2.70585,0.0210165,2.95361,0.0310474,2.47235,0.00509718,2.84285,0.0753114,3.17241,0.0161542,2.36564,0.00405098,0.00576739,9.64889e-05,0.00484626,0.0255354,0.00551564,0,0.00609687,0.0644427,0.00462871,0.137956,614626,2009.19,3323.39,561456,45612.2,2225.19
16,2031,0.435913,2.92739e+06,2.08778e+07,1.57761e+06,15176.9,107290,1.01923,8.36129e-07,0.0419777,0.0556716,112435,756776,0.927409,0.653687,0.0792795,0.217229,2.38031e+06,1.67016e+07,1.00703,0.490196,0.0335052,0.391365,360327,2.91032e+06,0.925556,0.919405,0.0553003,0.0752342,59137.3,401824,1.02668,0.101621,0.0411655,0.0642731,0.0556716,0.00112479,0.116892,0.00091604,0.026487,0.000989047,0.00659458,0.00110944,0.00189908,0.000927233,0.0268743,0,0.217229,0,0.0132407,0,0.00216855,0,0.0151945,0,0.208721,3.37677,0.0709263,2.82986,0.391365,2.99879,0.234261,3.63157,0.179319,2.71021,0.0210015,2.95216,0.0310271,2.47406,0.00509677,2.62168,0.0752342,3.17504,0.0161166,2.36945,0.00404808,0.00576456,9.64259e-05,0.00484963,0.0255333,0.00508653,0,0.00610193,0.0642731,0.00463616,0.137163,624946,2041.47,3359.26,570962,46339.6,2243.63
17,2032,0.435706,2.97497e+06,2.15028e+07,1.60128e+06,15505.3,109331,1.02141,8.30699e-07,0.0420086,0.0554528,113070,760136,0.928403,0.659766,0.0793336,0.216467,2.41955e+06,1.72726e+07,1.00901,0.489479,0.0335052,0.391365,367257,2.95666e+06,0.927595,0.91559,0.0554394,0.0751409,59584.2,404068,1.02818,0.102371,0.041204,0.0640738,0.0554528,0.00110376,0.116501,0.000912632,0.026487,0.00255747,0.00658523,0.0010889,0.001893,0.000915508,0.026777,0,0.216467,0,0.0132407,0,0.00216597,0,0.0151502,0,0.207973,3.31362,0.0707015,2.81934,0.391365,7.75424,0.23403,3.56434,0.178773,2.67594,0.0209107,2.89695,0.0309215,2.46486,0.00509677,6.77912,0.0751409,3.11625,0.0160747,2.33949,0.00403143,0.00565676,9.60841e-05,0.00483158,0.0255333,0.0131527,0,0.00598896,0.0640738,0.00457754,0.126177,726511,2255.84,3503.94,667471,50866.6,2413.56
18,2033,0.435383,3.38103e+06,2.22293e+07,1.6253e+06,15839.8,111587,1.02364,8.25352e-07,0.0420393,0.0552594,113712,763640,0.929403,0.665883,0.0793875,0.215512,2.81713e+06,1.79401e+07,1.0111,0.426706,0.0335052,0.391234,374320,3.00753e+06,0.929672,0.911787,0.0555814,0.0749463,60035.4,406481,1.0297,0.103126,0.0412429,0.0639691,0.0552594,0.00119717,0.115946,0.000941869,0.026479,0.000295114,0.0065719,0.00117252,0.00188941,0.000975337,0.026705,0,0.215512,0,0.0132373,0,0.0021613,0,0.0151242,0,0.207386,3.59405,0.0704112,2.90966,0.391234,0.894785,0.233604,3.83805,0.178414,2.85081,0.02085,3.14212,0.0307851,2.54382,0.00509553,0.782262,0.0749463,3.35556,0.0160463,2.49238,0.00401829,0.00613549,9.56896e-05,0.00498637,0.0255268,0.00151773,0,0.00644887,0.0639691,0.00487668,0.186206,605533,2062.6,3398.54,550795,47030.9,2245.6
19,2034,0.434944,2.90712e+06,2.28348e+07,1.64967e+06,16208.2,113650,1.02582,8.1869e-07,0.0420736,0.0551209,114378,767038,0.930399,0.671937,0.0794419,0.215474,2.33397e+06,1.84909e+07,1.01301,0.522763,0.0335052,0.390911,382047,3.05456e+06,0.931711,0.906746,0.0557369,0.074783,60516.1,408727,1.0312,0.103841,0.0412848,0.0636529,0.0551209,0.000993856,0.115934,0.000880714,0.0264556,0.000200392,0.00655571,0.000991036,0.00188058,0.000851804,0.0266471,0,0.215474,0,0.0132253,0,0.00215625,0,0.0150541,0,0.206967,2.98368,0.070407,2.72073,0.390911,0.60759,0.233206,3.24399,0.177563,2.48974,0.0208008,2.6085,0.0307813,2.37865,0.00509101,0.531183,0.074783,2.83618,0.0159702,2.1767,0.00400874,0.00509351,9.56818e-05,0.00466261,0.0255036,0.00103059,0,0.0054507,0.0636529,0.00425902,0.053143,606474,2090.62,3429.05,551033,47663.4,2257.92
20,2035,0.434189,2.91355e+06,2.34413e+07,1.67442e+06,16548.6,115740,1.02799,8.13878e-07,0.0421033,0.0548754,115028,770467,0.931397,0.678159,0.0794959,0.215026,2.33173e+06,1.90419e+07,1.0149,0.531116,0.0335052,0.390285,389276,3.10222e+06,0.933754,0.903256,0.0558808,0.0747701,60970.3,410985,1.0327,0.104614,0.0413238,0.0635735,0.0548754,0.00109037,0.115655,0.000909465,0.0264112,0.007,0.00655415,0.00107351,0.00187836,0.000906454,0.0265277,0,0.215026,0,0.0132022,0,0.00215624,0,0.0150363,0,0.206093,3.27343,0.0702714,2.80955,0.390285,21.224,0.233237,3.51397,0.177319,2.64948,0.0207163,2.86181,0.0307137,2.4563,0.00508298,18.555,0.0747701,3.07222,0.015948,2.31635,0.003991,0.00558814,9.54561e-05,0.00481481,0.025459,0.036,0,0.00590433,0.0635735,0.00453227,0.170645,1.04859e+06,3893.56,4495.17,951267,85176.5,3752.97
21,2036,0.431453,4.36062e+06,2.44899e+07,1.69954e+06,16894.6,119634,1.0306,8.09169e-07,0.0421337,0.0547603,115685,774962,0.932429,0.684425,0.0795503,0.214799,3.76998e+06,1.99932e+07,1.01725,0.333422,0.0347868,0.387267,396628,3.1874e+06,0.936113,0.89981,0.0560265,0.0746999,61427.8,414738,1.03431,0.105392,0.041363,0.0633843,0.0547603,0.0019979,0.115537,0.00118105,0.0263376,0.000116263,0.00654788,0.00188639,0.00187257,0.00149566,0.0264727,0,0.214799,0,0.0131883,0,0.00215471,0,0.0149936,0,0.205656,5.99794,0.0702033,3.64854,0.387267,0.352509,0.23313,6.17477,0.176827,4.37167,0.0206666,5.24373,0.0306801,3.18981,0.00506384,0.308179,0.0746999,5.39852,0.0159044,3.82201,0.00398136,0.0102392,9.53634e-05,0.00625262,0.0254637,0.000597923,0,0.0103751,0.0633843,0.0074783,0.189457,636792,2198.96,3507.92,578412,50352,2321.27
22,2037,0.431343,3.03588e+06,2.51267e+07,1.72503e+06,17518.4,121833,1.03279,7.9206e-07,0.0421971,0.0546192,116512,778470,0.93343,0.689763,0.0796111,0.214562,2.43043e+06,2.05716e+07,1.01913,0.524948,0.0347868,0.387266,409284,3.23775e+06,0.93817,0.885066,0.0562797,0.0746438,62136.3,417059,1.03582,0.105753,0.0414275,0.0632358,0.0546192,0.00062578,0.115394,0.000732191,0.0263375,7.59017e-05,0.00654158,0.000647791,0.00186832,0.000597394,0.0264175,0,0.214562,0,0.0131883,0,0.00215326,0,0.0149614,0,0.205241,1.87867,0.0701304,2.26191,0.387266,0.230134,0.233076,2.12044,0.176379,1.74612,0.0206173,1.64244,0.0306446,1.97752,0.00506382,0.201194,0.0746438,1.85387,0.01587,1.52658,0.00397135,0.00320712,9.52457e-05,0.00387631,0.0254636,0.000390352,0,0.00356285,0.0632358,0.00298697,0.170284,622085,2208.45,3522.86,563422,50612.8,2318.84
23,2038,0.431215,2.98362e+06,2.57488e+07,1.7509e+06,17884.4,124041,1.03498,7.87491e-07,0.0422276,0.0544697,117184,781993,0.934433,0.696094,0.0796655,0.214523,2.36884e+06,2.1135e+07,1.02098,0.546676,0.0347868,0.387224,417100,3.28836e+06,0.940226,0.881509,0.056432,0.0746313,62607.5,419378,1.03733,0.106532,0.0414677,0.0630859,0.0544697,0.00107135,0.11538,0.000904291,0.0263354,0.00160809,0.00654004,0.00105441,0.00186382,0.00089729,0.0263506,0,0.214523,0,0.013187,0,0.00215326,0,0.0149285,0,0.204726,3.21633,0.0701252,2.79357,0.387224,4.87573,0.233108,3.45142,0.175993,2.62269,0.0205574,2.8119,0.0306407,2.44233,0.00506339,4.26259,0.0746313,3.01753,0.0158345,2.29294,0.00395945,0.00549068,9.5238e-05,0.00478742,0.0254617,0.00827018,0,0.00579923,0.0630859,0.00448645,0.12475,737170,2407.57,3652.66,673779,54853.1,2477.68
24,2039,0.431053,3.4449e+06,2.64859e+07,1.77717e+06,18253.2,126449,1.0372,7.83151e-07,0.0422579,0.0543108,117860,785646,0.93544,0.702484,0.0797202,0.214208,2.82072e+06,2.18088e+07,1.02293,0.465985,0.0347004,0.387245,424990,3.34322e+06,0.942314,0.87812,0.0565851,0.0745468,63079.7,421856,1.03885,0.10732,0.0415079,0.0627184,0.0543108,0.00115875,0.115191,0.000932397,0.0263309,0.000262103,0.00653362,0.00113194,0.00185355,0.000956761,0.0262833,0,0.214208,0,0.0131833,0,0.00215197,0,0.0148419,0,0.204261,3.4787,0.0700244,2.88039,0.387245,0.794696,0.232987,3.7052,0.174976,2.79652,0.0205051,3.04127,0.0305913,2.51824,0.00506266,0.69476,0.0745468,3.23941,0.0157388,2.44491,0.00394864,0.00593857,9.50875e-05,0.00493622,0.025453,0.00134796,0,0.00622564,0.0627184,0.00478381,0.186454,662038,2321.75,3613.09,600489,53218.9,2395.1
25,2040,0.430982,3.15494e+06,2.7148e+07,1.80383e+06,18654.3,128771,1.0394,7.77809e-07,0.0422909,0.0542687,118557,789259,0.936447,0.708824,0.0797755,0.214072,2.52062e+06,2.24093e+07,1.02479,0.529284,0.0347004,0.387245,433519,3.39643e+06,0.944386,0.873757,0.0567499,0.0743727,63580.1,424251,1.04037,0.108073,0.0415512,0.0625768,0.0542687,0.00102777,0.115101,0.000893263,0.0263309,0.000351743,0.00651857,0.001016,0.00184947,0.000872763,0.0262712,0,0.214072,0,0.0131833,0,0.00214723,0,0.0148113,0,0.204158,3.0855,0.0699836,2.7595,0.387245,1.06648,0.232585,3.3257,0.174577,2.551,0.0204926,2.69751,0.0305693,2.41255,0.00506266,0.93237,0.0743727,2.90762,0.0157026,2.23026,0.0039455,0.00526733,9.50272e-05,0.00472904,0.025453,0.00180896,0,0.00558799,0.0625768,0.00436381,0.151363,676124,2370.7,3659.25,613308,54362.1,2424.58
26,2041,0.430729,3.21657e+06,2.78241e+07,1.83088e+06,19043.6,131141,1.04161,7.73337e-07,0.0423218,0.054186,119250,792918,0.937456,0.715276,0.0798305,0.21343,2.57236e+06,2.30226e+07,1.02664,0.52642,0.0347004,0.387106,441855,3.4508e+06,0.946464,0.870132,0.0569098,0.0742703,64068,426675,1.04189,0.108859,0.0415929,0.0624856,0.054186,0.00108111,0.114727,0.000911012,0.0263233,0.00208394,0.00650859,0.00106186,0.00184652,0.000906113,0.026237,0,0.21343,0,0.0131789,0,0.0021446,0,0.0147907,0,0.203903,3.24563,0.069772,2.81433,0.387106,6.31851,0.232318,3.47581,0.174308,2.64848,0.0204623,2.83751,0.0304708,2.46048,0.00506123,5.52393,0.0742703,3.03886,0.0156823,2.31548,0.00393875,0.00554069,9.47788e-05,0.004823,0.0254463,0.0107174,0,0.00584021,0.0624856,0.00453057,0.121962,785881,2604.47,3812.63,717463,59390.3,2610.24
27,2042,0.430308,3.65105e+06,2.861e+07,1.85835e+06,19441.9,133746,1.04386,7.68853e-07,0.0423527,0.0541226,119952,796731,0.93847,0.721758,0.0798853,0.21275,2.9967e+06,2.374e+07,1.02859,0.458655,0.0347004,0.386801,450395,3.51019e+06,0.948578,0.866438,0.0570737,0.0742134,64562.3,429286,1.04343,0.109646,0.0416352,0.0622959,0.0541226,0.0011606,0.114399,0.000937324,0.0262982,0.000297208,0.00650293,0.00113232,0.00184157,0.00096296,0.0262122,0,0.21275,0,0.0131692,0,0.00214356,0,0.014748,0,0.203697,3.48425,0.0695849,2.89561,0.386801,0.901135,0.232231,3.70647,0.173777,2.81463,0.0204387,3.04613,0.0303849,2.53155,0.00505681,0.787814,0.0742134,3.24052,0.0156384,2.46075,0.00393359,0.00594805,9.45209e-05,0.0049623,0.0254269,0.0015285,0,0.00622778,0.0622959,0.0048148,0.189218,696109,2459.85,3740.09,630940,56492.8,2476.87
28,2043,0.430038,3.30718e+06,2.93061e+07,1.88622e+06,19878.3,136206,1.04608,7.63257e-07,0.0423869,0.054009,120680,800471,0.939482,0.728168,0.0799407,0.212353,2.64184e+06,2.4371e+07,1.03043,0.528068,0.0347004,0.386637,459696,3.56668e+06,0.950667,0.861641,0.0572514,0.0742009,65089.4,431763,1.04495,0.110389,0.0416805,0.0621265,0.054009,0.00100089,0.114214,0.000886991,0.0262877,0.00031254,0.00650132,0.000988967,0.00183653,0.000856812,0.0261631,0,0.212353,0,0.0131647,0,0.00214357,0,0.0147096,0,0.203294,3.00479,0.069482,2.74012,0.386637,0.94762,0.232266,3.23722,0.173306,2.50438,0.0203945,2.62696,0.0303351,2.39561,0.00505441,0.828453,0.0742009,2.83026,0.0156002,2.1895,0.00392513,0.00512956,9.43638e-05,0.00469584,0.0254179,0.00160735,0,0.00543932,0.0621265,0.00428406,0.152149,705076,2503.87,3781.81,638754,57534,2502.14
29,2044,0.429792,3.34904e+06,3.00112e+07,1.91451e+06,20293.7,138709,1.0483,7.58846e-07,0.0424177,0.0539087,121397,804253,0.940496,0.734723,0.0799957,0.211759,2.67313e+06,2.50097e+07,1.03227,0.529714,0.0347004,0.386525,468625,3.62421e+06,0.952761,0.857902,0.0574205,0.0741576,65595.4,434265,1.04648,0.11118,0.0417236,0.0619425,0.0539087,0.00106996,0.113911,0.000909577,0.0262792,0.00358833,0.00649628,0.00104913,0.0018313,0.000901511,0.0261226,0,0.211759,0,0.0131608,0,0.00214255,0,0.0146718,0,0.202932,3.21215,0.0693111,2.8099,0.386525,10.8798,0.232194,3.43415,0.172787,2.63503,0.0203562,2.80824,0.0302489,2.45661,0.00505244,9.51163,0.0741576,3.00243,0.0155575,2.30372,0.00391733,0.00548354,9.4122e-05,0.00481541,0.0254093,0.0184543,0,0.00577021,0.0619425,0.00450756,0.130175,958659,3007.93,4087.3,880421,68231.9,2909.96
30,2045,0.428925,4.34188e+06,3.09698e+07,1.94323e+06,20717.6,141717,1.05061,7.54469e-07,0.0424483,0.0536786,122122,808340,0.941519,0.741314,0.0800505,0.211449,3.65519e+06,2.58901e+07,1.03431,0.393204,0.0347004,0.385772,477746,3.69245e+06,0.954931,0.854146,0.057592,0.0740635,66107.3,437175,1.04804,0.111974,0.0417671,0.0617956,0.0536786,0.00125966,0.113746,0.000972036,0.0262287,0.000157589,0.0064863,0.001218,0.00182752,0.0010366,0.0260056,0,0.211449,0,0.013138,0,0.00213962,0,0.01464,0,0.20208,3.78165,0.0692304,3.00285,0.385772,0.477811,0.231993,3.98691,0.1724,3.02988,0.0202713,3.30613,0.0302079,2.6253,0.00504437,0.417725,0.0740635,3.4857,0.0155174,2.64893,0.00390101,0.00645574,9.3974e-05,0.00514607,0.0253638,0.00081046,0,0.00669898,0.0617956,0.005183,0.130175,0,0,0,0,0,0
