iso3,year,terrorism,self_defense,sovereignty,humanitarian,whataboutism,procedural,historical,group,period
CAN,1956,0.0,0.0,0.0,0.0,0.0,0.2552974214960429,0.0,Western bloc,1946–1959
NZL,1946,0.0,0.0,0.0,0.0,0.0,0.5253020486779899,0.0,Western bloc,1946–1959
AUS,1953,0.0,0.0,0.0,0.0,0.0,0.0,0.4816955684007707,Western bloc,1946–1959
DNK,1951,0.0,0.0,0.35385704175513094,0.0,0.0,0.35385704175513094,0.35385704175513094,Western bloc,1946–1959
TUR,1948,0.0,0.0,0.0,0.0,0.0,0.0,1.2239902080783354,Western bloc,1946–1959
GBR,1959,0.0,0.0,0.0,0.0,0.0,0.0,0.0,Western bloc,1946–1959
NLD,1948,0.6327111673521038,0.3163555836760519,0.0,0.0,0.0,0.3163555836760519,0.0,Western bloc,1946–1959
GBR,1951,0.0,0.32247662044501774,0.0,0.0,0.0,0.0,0.32247662044501774,Western bloc,1946–1959
USA,1950,0.0,0.0,0.0,0.0,0.0,0.0,0.0,Western bloc,1946–1959
AUS,1952,0.0,0.0,0.0,0.8787346221441125,0.0,0.6590509666080844,0.0,Western bloc,1946–1959
SWE,1959,0.0,0.0,0.0,0.0,0.0,1.0422094841063052,0.0,Western bloc,1946–1959
CAN,1946,0.0,0.0,0.0,0.0,0.0,0.6574621959237344,0.0,Western bloc,1946–1959
TUR,1947,0.0,0.0,0.0,0.0,0.0,0.0,0.0,Western bloc,1946–1959
NZL,1959,0.0,0.0,0.0,0.2731494127287626,0.0,0.5462988254575252,0.2731494127287626,Western bloc,1946–1959
GRC,1954,0.0,0.0,0.0,0.0,0.0,2.734731084776664,0.0,Western bloc,1946–1959
ITA,1959,0.0,0.0,0.0,0.0,0.0,1.0534632604687912,0.2633658151171978,Western bloc,1946–1959
ISL,1953,0.0,0.0,0.20529665366454525,0.0,0.0,0.20529665366454525,0.4105933073290905,Western bloc,1946–1959
ISR,1950,0.0,0.0,0.3556187766714083,0.3556187766714083,0.0,0.0,0.0,Western bloc,1946–1959
GRC,1955,0.5455537370430987,0.0,0.0,0.0,0.0,3.273322422258593,0.0,Western bloc,1946–1959
NLD,1955,0.0,0.0,0.0,0.0,0.0,0.0,0.0,Western bloc,1946–1959
ISL,1959,0.0,0.0,0.3533568904593639,0.0,0.17667844522968196,1.0600706713780919,0.0,Western bloc,1946–1959
CAN,1957,0.0,0.0,0.5261773217574323,0.0,1.5785319652722967,0.0,0.0,Western bloc,1946–1959
TUR,1951,0.0,0.0,0.8097165991902834,0.0,0.0,0.0,0.8097165991902834,Western bloc,1946–1959
GRC,1958,0.0,0.0,0.23923444976076555,0.0,0.0,0.4784688995215311,0.0,Western bloc,1946–1959
NOR,1959,0.0,0.0,0.0,0.0,0.0,1.784121320249777,0.0,Western bloc,1946–1959
RUS,1957,0.0,0.0,0.08742022904100008,0.0,0.08742022904100008,0.26226068712300027,0.0,Soviet/Eastern bloc,1946–1959
BLR,1957,0.0,0.0,0.6817794443497528,0.0,0.0,0.1704448610874382,0.3408897221748764,Soviet/Eastern bloc,1946–1959
BLR,1946,0.0,0.0,0.32733224222585927,0.0,0.0,1.6366612111292964,0.0,Soviet/Eastern bloc,1946–1959
CSK,1948,0.0,0.0,0.2565418163160595,0.0,0.0,0.2565418163160595,0.0,Soviet/Eastern bloc,1946–1959
POL,1947,0.0,0.0,0.0,0.0,0.0,0.5395198273536552,0.0,Soviet/Eastern bloc,1946–1959
POL,1959,0.0,0.0,0.0,0.0,0.0,0.0,0.9052504526252263,Soviet/Eastern bloc,1946–1959
RUS,1948,0.0,0.0,0.29036004645760743,0.0,0.0,0.4355400696864111,0.0,Soviet/Eastern bloc,1946–1959
POL,1958,0.0,0.0,0.32733224222585927,0.0,0.0,0.32733224222585927,0.9819967266775776,Soviet/Eastern bloc,1946–1959
CSK,1956,0.0,0.0,0.22914757103574704,0.0,0.0,1.6040329972502292,0.4582951420714941,Soviet/Eastern bloc,1946–1959
RUS,1958,0.0,0.0,0.11853959222380275,0.0,0.0,0.11853959222380275,0.05926979611190138,Soviet/Eastern bloc,1946–1959
CUB,1956,0.0,0.0,0.2696871628910464,0.2696871628910464,0.0,0.2696871628910464,0.0,Soviet/Eastern bloc,1946–1959
HUN,1957,0.0,0.0,1.4738393515106853,0.24563989191844754,0.0,0.24563989191844754,0.0,Soviet/Eastern bloc,1946–1959
RUS,1951,0.0,0.0,0.05250721974271462,0.0,0.21002887897085848,0.5250721974271463,0.0,Soviet/Eastern bloc,1946–1959
ROU,1957,0.0,0.0,1.343183344526528,0.2238638907544213,0.0,0.671591672263264,0.2238638907544213,Soviet/Eastern bloc,1946–1959
POL,1948,0.0,0.0,0.26260504201680673,0.26260504201680673,0.0,0.7878151260504201,0.0,Soviet/Eastern bloc,1946–1959
POL,1955,0.0,0.0,0.4938271604938272,0.0,0.0,0.7407407407407407,0.0,Soviet/Eastern bloc,1946–1959
ALB,1957,0.0,0.0,0.8393956351426973,0.0,0.0,1.1191941801902632,0.0,Soviet/Eastern bloc,1946–1959
CUB,1954,0.0,0.0,0.8635578583765112,0.0,0.0,0.8635578583765112,0.0,Soviet/Eastern bloc,1946–1959
HUN,1956,0.0,0.0,1.3844023996308261,0.0,0.0,0.46146746654360865,0.9229349330872173,Soviet/Eastern bloc,1946–1959
UKR,1953,0.0,0.0,0.25759917568263785,0.0,0.0,0.0,0.25759917568263785,Soviet/Eastern bloc,1946–1959
BLR,1948,0.0,0.0,0.0,0.0,0.0,0.8698173383589446,0.0,Soviet/Eastern bloc,1946–1959
BGR,1958,0.0,0.0,0.38402457757296465,0.0,0.0,0.38402457757296465,0.2560163850486431,Soviet/Eastern bloc,1946–1959
RUS,1950,0.0,0.0,0.0,0.0,0.0,1.0067958721369243,0.0,Soviet/Eastern bloc,1946–1959
UKR,1950,0.0,0.0,0.0,0.0,0.0,1.2290045063498567,0.40966816878328555,Soviet/Eastern bloc,1946–1959
CSK,1946,0.0,0.0,0.0,0.0,0.0,0.0,0.7267441860465116,Soviet/Eastern bloc,1946–1959
PHL,1946,0.0,0.0,0.0,0.0,0.0,0.0,0.8361204013377926,Non-Aligned Movement,1946–1959
VEN,1950,0.0,0.0,0.0,0.0,0.0,1.7482517482517483,0.5827505827505828,Non-Aligned Movement,1946–1959
IND,1957,0.0,0.0,0.4019561867756415,0.06699269779594023,0.0,0.0,0.13398539559188047,Non-Aligned Movement,1946–1959
MEX,1946,0.0,0.0,0.0,0.0,0.0,0.0,0.0,Non-Aligned Movement,1946–1959
ZAF,1952,0.0,0.0,0.0,0.0,0.0,0.0,0.0,Non-Aligned Movement,1946–1959
ECU,1956,0.0,0.0,0.28153153153153154,0.0,0.0,1.1261261261261262,0.0,Non-Aligned Movement,1946–1959
KHM,1959,0.0,0.0,1.3623978201634876,0.0,0.0,1.3623978201634876,0.0,Non-Aligned Movement,1946–1959
BOL,1956,0.0,0.0,1.529051987767584,0.0,0.0,0.25484199796126406,0.25484199796126406,Non-Aligned Movement,1946–1959
SLV,1951,0.0,0.0,0.0,0.0,0.0,1.0126582278481013,0.0,Non-Aligned Movement,1946–1959
LBN,1946,0.0,0.0,0.0,1.1229646266142617,0.0,1.6844469399213924,0.5614823133071308,Non-Aligned Movement,1946–1959
CHL,1953,0.0,0.0,0.5277044854881267,0.0,0.0,1.0554089709762533,0.5277044854881267,Non-Aligned Movement,1946–1959
CHL,1955,0.0,0.0,0.0,0.20964360587002095,0.0,1.0482180293501049,0.4192872117400419,Non-Aligned Movement,1946–1959
URY,1954,0.0,0.0,0.0,0.0,0.0,1.7123287671232876,0.0,Non-Aligned Movement,1946–1959
KHM,1956,0.0,0.0,0.6184291898577613,0.0,0.0,1.2368583797155226,0.6184291898577613,Non-Aligned Movement,1946–1959
CRI,1953,0.0,0.0,0.3699593044765076,0.0,0.0,0.3699593044765076,0.0,Non-Aligned Movement,1946–1959
PER,1948,0.0,0.29735355337496283,0.5947071067499257,0.0,0.0,2.0814748736247397,0.0,Non-Aligned Movement,1946–1959
BOL,1952,0.0,0.0,0.9496676163342831,0.0,0.0,0.6331117442228553,0.6331117442228553,Non-Aligned Movement,1946–1959
MMR,1948,0.0,0.0,0.8576329331046312,0.0,0.0,0.0,0.0,Non-Aligned Movement,1946–1959
PHL,1950,0.0,0.0,0.0,0.0,0.0,0.0,0.0,Non-Aligned Movement,1946–1959
HND,1950,0.0,0.0,0.0,0.9000900090009001,0.0,0.9000900090009001,0.0,Non-Aligned Movement,1946–1959
BRA,1948,0.0,0.0,0.0,0.0,0.0,2.280501710376283,0.0,Non-Aligned Movement,1946–1959
LBR,1954,1.1737089201877935,0.0,0.0,0.0,0.0,0.0,2.347417840375587,Non-Aligned Movement,1946–1959
MYS,1957,0.0,0.0,0.0,0.0,0.0,0.0,0.0,Non-Aligned Movement,1946–1959
VEN,1948,0.0,0.0,0.0,0.38080731150038083,0.0,1.1424219345011426,0.0,Non-Aligned Movement,1946–1959
IDN,1953,0.0,0.0,0.0,0.30998140111593303,0.0,0.30998140111593303,0.0,Non-Aligned Movement,1946–1959
AUS,1962,0.0,0.0,0.0,0.0,0.0,0.3917727717923604,0.5876591576885406,Western bloc,1960–1969
FRA,1968,0.1863238308179616,0.0,0.1863238308179616,0.3726476616359232,0.0,2.0495621389975778,0.1863238308179616,Western bloc,1960–1969
ISR,1966,0.0,0.0,0.907770515613653,0.0,0.0,0.7262164124909223,0.18155410312273057,Western bloc,1960–1969
DNK,1961,0.0,0.0,0.0,0.0,0.0,1.1385199240986716,0.0,Western bloc,1960–1969
NLD,1961,0.0,0.0,1.4184397163120568,0.0,0.0,1.4184397163120568,0.0,Western bloc,1960–1969
ISR,1967,0.48598736432852746,0.0,0.48598736432852746,0.3239915762190183,0.0,0.3239915762190183,0.3239915762190183,Western bloc,1960–1969
BEL,1966,0.0,0.0,0.0,0.0,0.0,0.6482982171799027,0.32414910858995133,Western bloc,1960–1969
TUR,1967,0.0,0.0,0.0,0.2231644722160232,0.0,0.0,0.2231644722160232,Western bloc,1960–1969
AUS,1968,0.22573363431151242,0.0,0.22573363431151242,0.0,0.0,0.45146726862302483,0.22573363431151242,Western bloc,1960–1969
ISL,1969,0.0,0.0,0.28153153153153154,1.1261261261261262,0.0,1.1261261261261262,0.0,Western bloc,1960–1969
ITA,1963,1.0665529010238908,0.0,0.0,0.0,0.0,0.8532423208191127,0.21331058020477817,Western bloc,1960–1969
TUR,1964,0.1444043321299639,0.0,0.2888086642599278,0.1444043321299639,0.0,2.454873646209386,0.4332129963898917,Western bloc,1960–1969
DNK,1964,0.0,0.0,0.0,0.0,0.0,1.0296010296010296,1.287001287001287,Western bloc,1960–1969
NZL,1963,0.0,0.0,0.0,0.0,0.0,0.0,1.2294074256208507,Western bloc,1960–1969
CAN,1962,0.0,0.0,0.0,0.0,0.0,0.4684937924572499,0.23424689622862496,Western bloc,1960–1969
PRT,1962,0.12944983818770225,0.2588996763754045,2.200647249190938,0.0,0.12944983818770225,0.7766990291262137,0.12944983818770225,Western bloc,1960–1969
JPN,1964,0.0,0.0,0.0,0.0,0.0,0.6580390436499232,0.21934634788330776,Western bloc,1960–1969
IRL,1964,0.0,0.0,0.0,0.0,0.0,1.2195121951219512,0.24390243902439024,Western bloc,1960–1969
ISR,1969,0.6654245408570668,0.0,0.26616981634282677,0.13308490817141339,0.0,0.5323396326856535,0.26616981634282677,Western bloc,1960–1969
DNK,1965,0.0,0.0,0.0,0.0,0.0,0.0,0.6675567423230975,Western bloc,1960–1969
ITA,1964,0.0,0.0,0.4655493482309125,0.0,0.0,0.6983240223463687,0.4655493482309125,Western bloc,1960–1969
DNK,1968,0.0,0.0,0.0,1.364256480218281,0.0,1.364256480218281,0.0,Western bloc,1960–1969
NLD,1962,0.0,0.0,0.0,0.0,0.0,0.0,0.4180602006688963,Western bloc,1960–1969
ESP,1961,0.0,0.0,0.0,0.14934289127837513,0.0,0.0,0.44802867383512546,Western bloc,1960–1969
DNK,1969,0.0,0.0,0.0,1.54273372415921,0.0,0.308546744831842,0.308546744831842,Western bloc,1960–1969
ALB,1965,0.0,0.0,1.880787037037037,0.43402777777777773,0.0,1.1574074074074074,0.0,Soviet/Eastern bloc,1960–1969
HUN,1961,0.0,0.0,0.0,0.149812734082397,0.0,0.44943820224719105,0.149812734082397,Soviet/Eastern bloc,1960–1969
MNG,1962,0.0,0.0,0.6773538044705351,0.0,0.0,0.9031384059607135,0.0,Soviet/Eastern bloc,1960–1969
HUN,1960,0.0,0.0,0.13610997686130394,0.13610997686130394,0.13610997686130394,1.2249897917517354,0.2722199537226079,Soviet/Eastern bloc,1960–1969
BLR,1968,0.0,0.0,0.18968133535660092,0.0,0.0,0.5690440060698028,0.37936267071320184,Soviet/Eastern bloc,1960–1969
CUB,1962,0.0,0.0,1.0786032088445463,0.0,0.0,0.5393016044222732,0.2696508022111366,Soviet/Eastern bloc,1960–1969
POL,1960,0.0,0.0,0.7594936708860759,0.0,0.0,0.7594936708860759,0.25316455696202533,Soviet/Eastern bloc,1960–1969
ROU,1963,0.0,0.0,0.5621135469364812,0.0,0.0,0.8431703204047217,0.2810567734682406,Soviet/Eastern bloc,1960–1969
UKR,1961,0.0,0.0,0.32041012495994875,0.0,0.0,0.32041012495994875,0.0,Soviet/Eastern bloc,1960–1969
ROU,1969,0.0,0.0,0.3562522265764161,0.0,0.0,1.6031350195938725,0.0,Soviet/Eastern bloc,1960–1969
BLR,1967,0.37686074995289237,0.0,0.37686074995289237,0.18843037497644619,0.0,1.8843037497644621,0.0,Soviet/Eastern bloc,1960–1969
BLR,1964,0.0,0.0,0.8946144211844695,0.0,0.0,0.5367686527106817,0.1789228842368939,Soviet/Eastern bloc,1960–1969
UKR,1967,0.19607843137254902,0.0,0.588235294117647,0.0,0.0,0.19607843137254902,0.39215686274509803,Soviet/Eastern bloc,1960–1969
ALB,1963,0.0,0.0,0.8498583569405099,0.0,0.0,0.991501416430595,0.28328611898017,Soviet/Eastern bloc,1960–1969
RUS,1966,0.0,0.0,1.0807889759524452,0.0,0.0,1.7562820859227237,0.13509862199405565,Soviet/Eastern bloc,1960–1969
HUN,1969,0.0,0.0,0.29078220412910727,0.0,0.0,0.5815644082582145,0.0,Soviet/Eastern bloc,1960–1969
MNG,1967,0.0,0.0,0.8181074447777476,0.0,0.0,0.2727024815925825,0.0,Soviet/Eastern bloc,1960–1969
BLR,1963,0.0,0.0,0.9417969485778867,0.37671877943115467,0.0,0.37671877943115467,0.0,Soviet/Eastern bloc,1960–1969
ROU,1968,0.0,0.0,2.3094688221709005,0.0,0.0,1.539645881447267,0.0,Soviet/Eastern bloc,1960–1969
POL,1966,0.0,0.0,0.7378258730939498,0.0,0.0,0.9837678307919331,0.7378258730939498,Soviet/Eastern bloc,1960–1969
CUB,1961,0.5366726296958855,0.0,1.967799642218247,0.0,0.0,0.35778175313059035,0.17889087656529518,Soviet/Eastern bloc,1960–1969
ROU,1965,0.0,0.0,2.2916069894013176,0.0,0.0,1.1458034947006588,0.5729017473503294,Soviet/Eastern bloc,1960–1969
HUN,1963,0.0,0.0,0.23245002324500233,0.0,0.0,0.46490004649000466,3.02185030218503,Soviet/Eastern bloc,1960–1969
HUN,1966,0.0,0.0,0.0,0.0,0.0,0.0,0.986842105263158,Soviet/Eastern bloc,1960–1969
CUB,1966,0.0,0.0,1.3953488372093024,0.0,0.0,0.6201550387596899,0.0,Soviet/Eastern bloc,1960–1969
ECU,1968,0.0,0.0,1.936912008854455,0.0,0.0,2.767017155506364,0.8301051466519093,Non-Aligned Movement,1960–1969
VEN,1965,0.0,0.0,0.0,0.0,0.0,1.191043353978085,0.4764173415912339,Non-Aligned Movement,1960–1969
KEN,1964,0.0,0.0,1.6972165648336728,0.3394433129667345,0.0,2.0366598778004072,0.3394433129667345,Non-Aligned Movement,1960–1969
CHL,1961,0.0,0.0,0.5028916268544129,0.0,0.0,1.257229067136032,0.0,Non-Aligned Movement,1960–1969
PAN,1969,0.0,0.0,0.0,0.0,0.0,0.32082130253448826,0.0,Non-Aligned Movement,1960–1969
MAR,1963,0.0,0.0,0.6525285481239804,0.0,0.0,0.6525285481239804,0.0,Non-Aligned Movement,1960–1969
LBN,1969,0.625,0.0,0.0,0.0,0.0,1.25,0.625,Non-Aligned Movement,1960–1969
ARG,1960,0.0,0.0,0.0,0.0,0.0,0.5715918833952558,0.0,Non-Aligned Movement,1960–1969
KEN,1965,0.0,0.0,0.16809547823163556,0.0,0.0,0.5042864346949067,0.0,Non-Aligned Movement,1960–1969
GIN,1966,0.0,0.0,0.20300446609825415,0.0,0.0,0.4060089321965083,1.0150223304912709,Non-Aligned Movement,1960–1969
IND,1964,0.0,0.0,0.39408866995073893,0.0,0.0,0.39408866995073893,0.0,Non-Aligned Movement,1960–1969
SLV,1968,0.0,0.0,0.16943409013893596,0.16943409013893596,0.0,0.6777363605557438,0.3388681802778719,Non-Aligned Movement,1960–1969
BEN,1963,0.0,0.0,0.32051282051282054,0.0,0.0,0.0,0.6410256410256411,Non-Aligned Movement,1960–1969
ECU,1969,0.0,0.0,0.6693440428380187,0.0,0.0,2.677376171352075,0.0,Non-Aligned Movement,1960–1969
DZA,1966,0.0,0.0,0.501002004008016,0.0,0.0,0.250501002004008,0.501002004008016,Non-Aligned Movement,1960–1969
LBR,1962,0.0,0.0,0.0,0.2359046945034206,0.0,0.4718093890068412,0.9436187780136824,Non-Aligned Movement,1960–1969
THA,1966,0.35442140705298597,0.17721070352649299,0.17721070352649299,0.0,0.0,0.17721070352649299,0.0,Non-Aligned Movement,1960–1969
SLV,1962,0.0,0.0,0.0,0.0,0.0,1.1376564277588168,0.5688282138794084,Non-Aligned Movement,1960–1969
LKA,1966,0.0,0.0,0.13435442697836894,0.0,0.0,0.13435442697836894,0.2687088539567379,Non-Aligned Movement,1960–1969
SAU,1967,0.3078817733990148,0.0,0.3078817733990148,0.0,0.0,1.2315270935960592,0.9236453201970443,Non-Aligned Movement,1960–1969
COG,1962,0.0,0.0,0.0,0.0,0.0,0.28153153153153154,2.2522522522522523,Non-Aligned Movement,1960–1969
URY,1960,0.0,0.0,0.18751171948246764,0.0,0.18751171948246764,0.0,0.18751171948246764,Non-Aligned Movement,1960–1969
JOR,1962,0.0,0.0,0.0,0.0,0.0,0.55005500550055,0.0,Non-Aligned Movement,1960–1969
TUN,1966,0.0,0.0,0.0,0.0,0.0,0.5742725880551303,0.38284839203675347,Non-Aligned Movement,1960–1969
RWA,1968,0.0,0.0,0.0,0.25833118057349524,0.0,0.7749935417204857,0.7749935417204857,Non-Aligned Movement,1960–1969
PRT,1973,2.3217247097844114,0.0,0.8291873963515755,0.6633499170812603,0.16583747927031509,1.492537313432836,0.16583747927031509,Western bloc,1970–1979
CAN,1970,0.0,0.0,0.0,0.0,0.0,0.5841121495327103,0.0,Western bloc,1970–1979
LUX,1979,0.0,0.0,0.0,0.3331112591605596,0.0,0.3331112591605596,0.3331112591605596,Western bloc,1970–1979
BEL,1973,0.0,0.0,0.8108108108108107,0.2702702702702703,0.0,0.0,0.5405405405405406,Western bloc,1970–1979
ITA,1971,0.0,0.0,0.0,0.4478280340349306,0.0,0.4478280340349306,0.0,Western bloc,1970–1979
ISR,1975,0.7739938080495357,0.0,0.0,0.5159958720330237,0.0,1.0319917440660473,0.25799793601651183,Western bloc,1970–1979
ESP,1976,0.21235931195582927,0.0,0.8494372478233171,0.0,0.0,0.42471862391165854,1.0617965597791463,Western bloc,1970–1979
NZL,1970,0.0,0.0,0.0,0.51440329218107,0.0,1.02880658436214,0.0,Western bloc,1970–1979
PRT,1979,0.0,0.0,0.571864277544796,0.0,0.0,0.571864277544796,1.143728555089592,Western bloc,1970–1979
NOR,1970,0.0,0.0,0.44208664898320066,0.0,0.0,0.0,0.0,Western bloc,1970–1979
JPN,1979,0.0,0.0,0.0,0.6666666666666666,0.0,1.1111111111111112,0.0,Western bloc,1970–1979
SWE,1972,0.6029544769369912,0.0,0.0,0.6029544769369912,0.0,0.9044317154054868,0.9044317154054868,Western bloc,1970–1979
BEL,1975,0.0,0.0,1.0178117048346056,0.0,0.0,0.5089058524173028,0.0,Western bloc,1970–1979
VAT,1979,0.0,0.0,0.21838829438742083,0.21838829438742083,0.0,0.43677658877484166,0.43677658877484166,Western bloc,1970–1979
NOR,1971,0.0,0.0,1.2733446519524618,0.8488964346349746,0.0,1.2733446519524618,0.4244482173174873,Western bloc,1970–1979
IRL,1973,0.0,0.0,2.5353898161842383,0.0,0.0,0.21128248468201985,0.4225649693640397,Western bloc,1970–1979
ESP,1974,0.5720823798627003,0.0,0.38138825324180015,0.0,0.0,2.097635392829901,1.9069412662090006,Western bloc,1970–1979
NZL,1971,0.0,0.0,0.0,1.0711225364181662,0.0,0.0,0.6426735218508997,Western bloc,1970–1979
ITA,1978,0.91324200913242,0.0,0.0,0.30441400304414007,0.0,0.30441400304414007,0.6088280060882801,Western bloc,1970–1979
GBR,1974,0.0,0.0,0.0,0.0,0.0,0.0,0.0,Western bloc,1970–1979
ISL,1973,0.0,0.0,0.9017132551848511,0.0,0.0,0.9017132551848511,0.6011421701232341,Western bloc,1970–1979
NLD,1976,1.477377654662973,0.0,0.7386888273314866,0.0,0.0,0.18467220683287164,0.0,Western bloc,1970–1979
AUT,1977,0.2678093197643278,0.0,0.2678093197643278,0.2678093197643278,0.0,0.2678093197643278,0.2678093197643278,Western bloc,1970–1979
TUR,1972,1.1695906432748537,0.0,0.29239766081871343,0.29239766081871343,0.5847953216374269,0.29239766081871343,1.1695906432748537,Western bloc,1970–1979
AUT,1971,0.0,0.0,0.0,0.6071645415907712,0.0,0.3035822707953856,0.3035822707953856,Western bloc,1970–1979
POL,1971,0.0,0.0,0.18278194114421495,0.18278194114421495,0.0,1.2794735880095047,0.18278194114421495,Soviet/Eastern bloc,1970–1979
ROU,1979,0.0,0.0,1.6722408026755853,0.1858045336306206,0.0,0.5574136008918618,0.1858045336306206,Soviet/Eastern bloc,1970–1979
BLR,1973,0.0,0.0,1.4141414141414141,0.0,0.0,1.8181818181818181,0.40404040404040403,Soviet/Eastern bloc,1970–1979
YMD,1977,0.0,0.0,2.3430178069353325,0.0,0.0,0.9372071227741331,0.0,Soviet/Eastern bloc,1970–1979
CUB,1970,0.0,0.0,0.7251631617113851,0.48344210780759006,0.0,0.48344210780759006,0.24172105390379503,Soviet/Eastern bloc,1970–1979
RUS,1974,0.0,0.0,0.89086859688196,0.0,0.0,0.44543429844098,0.29695619896065334,Soviet/Eastern bloc,1970–1979
DDR,1979,0.0,0.0,0.7660878447395301,0.0,0.0,1.5321756894790601,0.0,Soviet/Eastern bloc,1970–1979
UKR,1976,0.0,0.5220569042025581,1.8271991647089534,0.0,0.0,0.5220569042025581,0.26102845210127906,Soviet/Eastern bloc,1970–1979
HUN,1977,0.0,0.0,0.5815644082582145,0.0,0.0,0.29078220412910727,0.8723466123873219,Soviet/Eastern bloc,1970–1979
POL,1977,0.0,0.0,0.0,0.0,0.0,1.896633475580844,0.0,Soviet/Eastern bloc,1970–1979
RUS,1972,0.25853154084798347,0.38779731127197514,0.5170630816959669,0.0,0.0,2.326783867631851,0.0,Soviet/Eastern bloc,1970–1979
HUN,1974,0.0,0.0,0.5558643690939411,0.0,0.0,1.1117287381878822,0.27793218454697055,Soviet/Eastern bloc,1970–1979
VNM,1979,0.0,0.0,1.8631436314363143,0.6775067750677507,0.0,0.508130081300813,0.16937669376693767,Soviet/Eastern bloc,1970–1979
POL,1975,0.0,0.0,0.0,0.0,0.0,0.9282178217821782,0.3094059405940594,Soviet/Eastern bloc,1970–1979
CUB,1979,0.0,0.0,0.871383757406762,0.17427675148135238,0.0,0.6099686301847334,0.34855350296270476,Soviet/Eastern bloc,1970–1979
DDR,1978,0.30120481927710846,0.0,1.2048192771084338,0.30120481927710846,0.0,0.0,0.30120481927710846,Soviet/Eastern bloc,1970–1979
DDR,1976,0.3189792663476874,0.0,1.594896331738437,0.0,0.0,0.3189792663476874,0.0,Soviet/Eastern bloc,1970–1979
BGR,1974,0.0,0.0,1.2338062924120914,0.0,0.0,0.6169031462060457,0.30845157310302285,Soviet/Eastern bloc,1970–1979
BLR,1972,0.0,0.3854307188282906,1.1562921564848718,0.0,0.0,1.3490075158990171,0.1927153594141453,Soviet/Eastern bloc,1970–1979
BLR,1971,0.0,0.0,0.49710024855012425,0.0,0.0,0.9942004971002485,0.6628003314001657,Soviet/Eastern bloc,1970–1979
HUN,1971,0.0,0.0,0.0,0.29524653085326247,0.0,0.29524653085326247,0.29524653085326247,Soviet/Eastern bloc,1970–1979
MNG,1973,0.0,0.0,0.7898894154818326,0.0,0.0,0.526592943654555,0.0,Soviet/Eastern bloc,1970–1979
BGR,1978,0.0,0.0,0.7140307033202428,0.0,0.0,0.0,0.0,Soviet/Eastern bloc,1970–1979
UKR,1972,0.2300966405890474,0.0,0.6902899217671422,0.0,0.0,0.9203865623561897,0.4601932811780948,Soviet/Eastern bloc,1970–1979
CUB,1976,0.16113438607798905,0.0,1.6113438607798904,0.16113438607798905,0.0,0.0,0.9668063164679342,Soviet/Eastern bloc,1970–1979
IDN,1979,0.0,0.0,0.5069708491761723,0.25348542458808615,0.0,0.25348542458808615,0.25348542458808615,Non-Aligned Movement,1970–1979
IDN,1973,0.0,0.0,1.7965416573096789,0.22456770716370986,0.0,0.22456770716370986,0.22456770716370986,Non-Aligned Movement,1970–1979
PNG,1976,0.0,0.0,0.0,0.0,0.0,1.4727540500736376,1.4727540500736376,Non-Aligned Movement,1970–1979
MEX,1974,0.0,0.0,0.6070416835289356,0.0,0.0,1.41643059490085,0.40469445568595713,Non-Aligned Movement,1970–1979
YEM,1976,0.3146633102580239,0.0,0.3146633102580239,0.0,0.0,0.6293266205160478,0.9439899307740718,Non-Aligned Movement,1970–1979
JOR,1975,0.0,0.0,0.30656039239730226,0.0,0.0,0.9196811771919068,1.5328019619865114,Non-Aligned Movement,1970–1979
GMB,1978,0.0,0.0,0.26298487836949375,0.0,0.0,0.26298487836949375,0.9204470742932281,Non-Aligned Movement,1970–1979
YEM,1978,0.5865102639296188,0.0,0.2932551319648094,0.0,0.0,0.2932551319648094,0.0,Non-Aligned Movement,1970–1979
MDG,1976,0.18587360594795538,0.0,1.6728624535315986,0.18587360594795538,0.0,0.37174721189591076,0.18587360594795538,Non-Aligned Movement,1970–1979
JAM,1977,0.0,0.0,0.2218278615794144,0.2218278615794144,0.0,0.2218278615794144,0.4436557231588288,Non-Aligned Movement,1970–1979
MLT,1979,0.0,0.0,0.20395676116663267,0.0,0.0,0.0,0.20395676116663267,Non-Aligned Movement,1970–1979
BEN,1974,0.0,0.0,0.45085662759242556,0.0,0.15028554253080853,0.15028554253080853,0.6011421701232341,Non-Aligned Movement,1970–1979
URY,1972,1.6202203499675956,0.0,0.32404406999351915,0.0,0.0,1.2961762799740766,0.6480881399870383,Non-Aligned Movement,1970–1979
MUS,1978,0.0,0.0,0.5847953216374269,0.0,0.0,0.5847953216374269,0.5847953216374269,Non-Aligned Movement,1970–1979
PAN,1977,0.0,0.0,1.9305019305019306,0.0,0.0,1.287001287001287,1.9305019305019306,Non-Aligned Movement,1970–1979
MEX,1977,0.0,0.0,0.8140008140008139,0.40700040700040696,0.0,1.0175010175010175,1.221001221001221,Non-Aligned Movement,1970–1979
SLV,1979,0.0,0.0,0.7867820613690008,0.26226068712300027,0.0,0.7867820613690008,0.0,Non-Aligned Movement,1970–1979
VEN,1971,0.0,0.0,0.31675641431738993,0.0,0.0,0.31675641431738993,0.0,Non-Aligned Movement,1970–1979
IRN,1976,0.6470397929472663,0.0,0.0,0.0,0.0,0.0,0.32351989647363316,Non-Aligned Movement,1970–1979
YEM,1972,3.3604032483898068,0.0,0.2800336040324839,0.0,0.0,1.9602352282273874,0.0,Non-Aligned Movement,1970–1979
YUG,1979,0.0,0.0,1.492537313432836,0.0,0.0,0.24875621890547261,0.24875621890547261,Non-Aligned Movement,1970–1979
LBY,1970,0.0,0.37174721189591076,0.7434944237918215,0.0,0.0,0.0,1.1152416356877324,Non-Aligned Movement,1970–1979
PER,1977,0.0,0.0,0.0,0.48661800486618007,0.0,0.0,0.0,Non-Aligned Movement,1970–1979
GTM,1970,0.0,0.0,0.0,0.0,0.0,1.7079419299743808,0.0,Non-Aligned Movement,1970–1979
JOR,1976,0.0,0.0,0.6165228113440198,0.3082614056720099,0.0,0.6165228113440198,0.6165228113440198,Non-Aligned Movement,1970–1979
JPN,1986,0.2133560913164071,0.0,0.0,0.2133560913164071,0.0,0.4267121826328142,0.4267121826328142,Western bloc,1980–1989
GRC,1987,0.7928118393234672,0.0,0.5285412262156448,0.0,0.0,1.5856236786469344,0.0,Western bloc,1980–1989
TUR,1989,1.3468013468013469,0.0,0.6734006734006734,0.8978675645342312,0.0,0.2244668911335578,0.4489337822671156,Western bloc,1980–1989
ISL,1988,0.0,0.0,0.44033465433729635,0.44033465433729635,0.0,0.8806693086745927,0.0,Western bloc,1980–1989
JPN,1983,0.0,0.0,0.250501002004008,0.501002004008016,0.0,0.751503006012024,0.250501002004008,Western bloc,1980–1989
NZL,1989,0.18642803877703204,0.0,0.0,0.0,0.0,2.0507084265473527,0.18642803877703204,Western bloc,1980–1989
DEU,1983,0.0,0.0,0.3965107057890563,0.13217023526301877,0.0,0.3965107057890563,0.26434047052603754,Western bloc,1980–1989
NZL,1980,0.0,0.0,0.23696682464454977,0.0,0.47393364928909953,0.23696682464454977,0.0,Western bloc,1980–1989
CAN,1983,0.0,0.0,0.2571355104139882,0.2571355104139882,0.0,0.2571355104139882,0.0,Western bloc,1980–1989
GBR,1986,0.9669309611293754,0.0,0.3867723844517501,0.0,0.0,0.3867723844517501,0.19338619222587505,Western bloc,1980–1989
AUS,1980,0.0,0.0,0.0,0.6167763157894737,0.0,0.41118421052631576,1.2335526315789473,Western bloc,1980–1989
ISL,1982,0.0,0.0,0.5200208008320333,0.0,0.0,0.5200208008320333,0.0,Western bloc,1980–1989
ISL,1985,0.0,0.32,0.0,0.0,0.0,1.6,0.0,Western bloc,1980–1989
DEU,1986,0.21294718909710392,0.0,0.0,0.21294718909710392,0.0,0.21294718909710392,0.42589437819420783,Western bloc,1980–1989
NOR,1980,0.0,0.0,0.0,0.2621231979030144,0.0,1.0484927916120577,0.0,Western bloc,1980–1989
IRL,1989,0.0,0.0,0.20429009193054137,0.0,0.0,0.40858018386108275,0.0,Western bloc,1980–1989
LUX,1981,0.0,0.0,0.0,0.3095017022593624,0.0,0.3095017022593624,0.0,Western bloc,1980–1989
NLD,1982,0.0,0.0,0.0,0.2609603340292275,0.0,0.2609603340292275,0.0,Western bloc,1980–1989
PRT,1988,0.0,0.0,0.2653927813163482,0.2653927813163482,0.0,0.5307855626326964,2.3885350318471334,Western bloc,1980–1989
NZL,1981,0.31735956839098695,0.0,0.31735956839098695,0.31735956839098695,0.0,0.31735956839098695,0.0,Western bloc,1980–1989
ESP,1985,0.42087542087542085,0.0,0.21043771043771042,0.42087542087542085,0.0,0.42087542087542085,0.8417508417508417,Western bloc,1980–1989
TUR,1980,1.2664640324214793,0.0,0.0,0.25329280648429586,0.0,0.7598784194528876,0.5065856129685917,Western bloc,1980–1989
ISL,1986,0.5364806866952789,0.0,0.0,0.0,0.0,0.5364806866952789,0.5364806866952789,Western bloc,1980–1989
ITA,1982,0.0,0.0,0.19293845263360987,0.19293845263360987,0.0,0.5788153579008296,0.19293845263360987,Western bloc,1980–1989
IRL,1986,1.529571719918423,0.0,0.1699524133242692,0.0,0.0,0.1699524133242692,0.5098572399728076,Western bloc,1980–1989
DDR,1980,0.29205607476635514,0.0,0.5841121495327103,0.0,0.0,0.5841121495327103,0.8761682242990654,Soviet/Eastern bloc,1980–1989
YMD,1983,0.0,0.0,2.9403902699812883,0.0,0.0,0.2673082063619353,0.0,Soviet/Eastern bloc,1980–1989
UKR,1981,0.8954555630176853,0.0,0.4477277815088426,0.0,0.0,0.2238638907544213,0.4477277815088426,Soviet/Eastern bloc,1980–1989
ROU,1980,0.0,0.0,1.7734426956328972,0.0,0.0,0.8867213478164486,0.22168033695411216,Soviet/Eastern bloc,1980–1989
UKR,1983,0.0,0.0,0.6883891693437356,0.0,0.0,0.2294630564479119,0.0,Soviet/Eastern bloc,1980–1989
UKR,1989,0.0,0.0,0.0,0.5206977349648529,0.5206977349648529,1.8224420723769852,0.26034886748242647,Soviet/Eastern bloc,1980–1989
CSK,1980,0.0,0.0,1.649620587264929,0.32992411745298583,0.0,0.32992411745298583,0.6598482349059717,Soviet/Eastern bloc,1980–1989
CSK,1985,0.20296326364927947,0.0,0.40592652729855894,0.40592652729855894,0.0,0.0,0.20296326364927947,Soviet/Eastern bloc,1980–1989
BGR,1980,0.0,0.0,1.3301409949454641,0.0,0.0,0.26602819898909286,0.26602819898909286,Soviet/Eastern bloc,1980–1989
CUB,1980,0.6637902422834384,0.0,1.659475605708596,0.6637902422834384,0.0,0.6637902422834384,0.9956853634251577,Soviet/Eastern bloc,1980–1989
ROU,1982,0.0,0.0,1.4057283429977157,0.17571604287471446,0.0,0.5271481286241434,0.0,Soviet/Eastern bloc,1980–1989
VNM,1982,0.0,0.0,1.5028554253080855,0.9017132551848511,0.0,0.0,0.0,Soviet/Eastern bloc,1980–1989
BGR,1981,0.6283380458686774,0.0,1.2566760917373547,0.0,0.0,0.3141690229343387,0.0,Soviet/Eastern bloc,1980–1989
DDR,1989,0.3253090435914119,0.0,0.3253090435914119,0.3253090435914119,0.0,1.3012361743656475,0.3253090435914119,Soviet/Eastern bloc,1980–1989
BGR,1989,1.3481631277384565,0.0,0.3370407819346141,1.0111223458038423,0.0,0.0,0.6740815638692282,Soviet/Eastern bloc,1980–1989
ALB,1983,0.0,0.0,1.3709898546750754,0.2741979709350151,0.0,0.0,0.0,Soviet/Eastern bloc,1980–1989
BLR,1982,0.0,0.0,1.2242899118511263,0.24485798237022527,0.0,0.24485798237022527,0.24485798237022527,Soviet/Eastern bloc,1980–1989
ROU,1981,0.0,0.0,1.1558466576767483,0.0,0.0,0.38528221922558276,0.0,Soviet/Eastern bloc,1980–1989
DDR,1985,0.33500837520938026,0.0,1.6750418760469012,0.0,0.0,0.6700167504187605,0.0,Soviet/Eastern bloc,1980–1989
BLR,1985,0.21810250817884405,0.0,0.6543075245365322,0.0,0.21810250817884405,2.6172300981461287,0.4362050163576881,Soviet/Eastern bloc,1980–1989
DDR,1982,0.24515812699190975,0.0,0.4903162539838195,0.24515812699190975,0.0,0.7354743809757294,0.0,Soviet/Eastern bloc,1980–1989
BGR,1988,0.0,0.0,0.0,1.3656538067599864,0.0,0.3414134516899966,0.3414134516899966,Soviet/Eastern bloc,1980–1989
BGR,1987,0.27901785714285715,0.0,0.27901785714285715,1.3950892857142858,0.0,0.0,0.0,Soviet/Eastern bloc,1980–1989
VNM,1985,0.40404040404040403,0.0,2.0202020202020203,0.40404040404040403,0.0,0.8080808080808081,0.0,Soviet/Eastern bloc,1980–1989
VNM,1983,0.0,0.0,1.3573125212080082,0.33932813030200204,0.0,0.0,0.848320325755005,Soviet/Eastern bloc,1980–1989
MEX,1981,0.0,0.0,0.5216484089723527,0.0,0.0,0.0,0.0,Non-Aligned Movement,1980–1989
HND,1987,0.2824060999717594,0.0,0.5648121999435188,0.5648121999435188,0.0,1.4120304998587971,0.0,Non-Aligned Movement,1980–1989
BHR,1987,0.0,0.0,0.5448106782892945,0.0,0.0,1.6344320348678834,0.0,Non-Aligned Movement,1980–1989
MLI,1986,0.0,0.0,0.9203865623561897,0.0,0.0,0.4601932811780948,0.0,Non-Aligned Movement,1980–1989
MOZ,1985,0.5592841163310962,0.18642803877703204,1.1185682326621924,0.18642803877703204,0.0,0.18642803877703204,0.7457121551081282,Non-Aligned Movement,1980–1989
ARE,1985,0.3367003367003367,0.0,1.0101010101010102,0.3367003367003367,0.0,0.6734006734006734,0.3367003367003367,Non-Aligned Movement,1980–1989
BDI,1982,0.0,0.0,1.4196479273140261,0.0,0.0,0.0,1.135718341851221,Non-Aligned Movement,1980–1989
SWZ,1989,0.0,0.0,0.0,0.0,0.0,0.0,0.0,Non-Aligned Movement,1980–1989
TGO,1985,0.0,0.0,0.6331785563528914,0.4221190375685943,0.0,0.21105951878429716,0.4221190375685943,Non-Aligned Movement,1980–1989
CYP,1982,0.20824656393169513,0.20824656393169513,0.6247396917950855,0.20824656393169513,0.0,0.41649312786339027,0.20824656393169513,Non-Aligned Movement,1980–1989
CRI,1986,0.6914035492048859,0.0,0.6914035492048859,0.0,0.0,0.23046784973496195,0.23046784973496195,Non-Aligned Movement,1980–1989
GTM,1989,0.25523226135783567,0.0,0.25523226135783567,0.5104645227156713,0.0,0.25523226135783567,0.0,Non-Aligned Movement,1980–1989
SEN,1989,0.0,0.0,0.0,0.2300966405890474,0.0,0.9203865623561897,0.0,Non-Aligned Movement,1980–1989
QAT,1987,2.767017155506364,0.0,0.5534034311012728,0.5534034311012728,0.0,1.1068068622025455,0.5534034311012728,Non-Aligned Movement,1980–1989
BGD,1980,0.0,0.0,1.1737089201877935,0.0,0.0,1.9561815336463224,0.0,Non-Aligned Movement,1980–1989
SDN,1989,0.333000333000333,0.0,0.666000666000666,0.333000333000333,0.0,0.333000333000333,0.0,Non-Aligned Movement,1980–1989
IND,1986,0.8438818565400844,0.0,0.8438818565400844,0.0,0.0,1.1251758087201125,0.0,Non-Aligned Movement,1980–1989
MEX,1984,0.0,0.0,1.3669205233352861,0.3905487209529389,0.0,0.5858230814294083,0.5858230814294083,Non-Aligned Movement,1980–1989
COL,1989,2.638522427440633,0.0,0.8795074758135445,0.0,0.0,0.0,0.2931691586045148,Non-Aligned Movement,1980–1989
GHA,1989,0.0,0.0,0.9517766497461929,0.0,0.0,0.0,0.0,Non-Aligned Movement,1980–1989
BRN,1988,0.0,0.0,0.0,0.0,0.0,0.8517887563884157,0.0,Non-Aligned Movement,1980–1989
BFA,1989,0.0,0.0,1.294777729823047,0.0,0.0,0.0,0.0,Non-Aligned Movement,1980–1989
VEN,1980,0.23153507756425099,0.0,0.9261403102570039,0.0,0.0,0.6946052326927529,0.6946052326927529,Non-Aligned Movement,1980–1989
GHA,1988,0.0,0.0,0.32092426187419765,0.0,0.0,0.32092426187419765,0.32092426187419765,Non-Aligned Movement,1980–1989
LKA,1987,2.664890073284477,0.0,0.0,0.0,0.0,0.3331112591605596,0.0,Non-Aligned Movement,1980–1989
AND,1997,0.0,0.0,0.0,2.1459227467811157,0.0,0.0,1.4306151645207439,Western bloc,1990–2001
NLD,1990,0.2649708532061473,0.0,0.2649708532061473,0.0,0.0,1.3248542660307365,0.0,Western bloc,1990–2001
TUR,1990,1.7123287671232876,0.0,0.0,0.0,0.0,0.0,0.3424657534246575,Western bloc,1990–2001
ISR,1998,6.311360448807854,0.0,0.0,0.3506311360448808,0.0,0.0,0.0,Western bloc,1990–2001
ITA,1998,0.8865248226950354,0.0,0.4432624113475177,0.0,0.0,0.0,0.0,Western bloc,1990–2001
USA,1996,5.1986632008911995,0.0,0.0,0.0,0.0,0.37133308577794283,0.0,Western bloc,1990–2001
NOR,2000,0.0,0.0,0.0,3.2336297493936943,0.0,0.0,0.0,Western bloc,1990–2001
LIE,1993,0.0,0.0,0.0,0.9237875288683602,0.0,0.0,0.4618937644341801,Western bloc,1990–2001
ISR,2000,0.0,0.0,0.0,0.7468259895444362,0.0,0.0,1.8670649738610905,Western bloc,1990–2001
MCO,1993,0.0,0.0,1.1507479861910241,0.0,0.0,1.1507479861910241,0.0,Western bloc,1990–2001
ISL,1993,0.0,0.0,0.0,0.0,0.0,0.6169031462060457,0.30845157310302285,Western bloc,1990–2001
NOR,1992,0.0,0.0,0.0,1.3531799729364007,0.0,0.4510599909788002,0.0,Western bloc,1990–2001
CAN,2001,9.49667616334283,0.0,0.0,1.4245014245014245,0.0,0.47483380816714155,0.0,Western bloc,1990–2001
CAN,1990,0.23957834211787254,0.0,0.23957834211787254,0.23957834211787254,0.0,0.7187350263536176,0.0,Western bloc,1990–2001
ESP,1994,0.0,0.0,0.31857279388340237,1.2742911755336095,0.0,0.6371455877668047,0.6371455877668047,Western bloc,1990–2001
SWE,1993,0.0,0.0,0.0,1.827485380116959,0.0,0.36549707602339176,0.0,Western bloc,1990–2001
AUT,1991,0.0,0.0,0.7515971439308531,0.7515971439308531,0.0,0.0,0.0,Western bloc,1990–2001
LUX,1995,0.3795066413662239,0.0,0.0,0.7590132827324478,0.0,0.0,0.0,Western bloc,1990–2001
FIN,1998,3.919007184846506,0.0,0.0,2.612671456564337,0.0,0.6531678641410843,0.0,Western bloc,1990–2001
DNK,1992,0.0,0.0,0.5795421616922631,3.477252970153579,0.0,0.8693132425383947,0.0,Western bloc,1990–2001
ITA,1990,0.0,0.0,0.0,0.0,0.0,0.7100591715976331,0.23668639053254437,Western bloc,1990–2001
AUS,1996,0.0,0.0,0.0,0.0,0.0,0.2592688618096966,0.0,Western bloc,1990–2001
GRC,1996,0.26226068712300027,0.0,1.049042748492001,0.0,0.0,2.098085496984002,0.0,Western bloc,1990–2001
AUT,1999,0.0,0.0,0.0,0.6209251785159888,0.0,0.0,0.0,Western bloc,1990–2001
AUS,1995,0.0,0.0,0.0,0.0,0.0,0.7632131272657889,0.7632131272657889,Western bloc,1990–2001
BLR,1993,0.0,0.0,0.0,0.0,0.0,0.23337222870478413,1.4002333722287048,Soviet/Eastern bloc,1990–2001
ROU,1991,0.0,0.0,0.5920663114268797,0.0,1.7761989342806395,0.8880994671403197,0.29603315571343986,Soviet/Eastern bloc,1990–2001
BLR,1998,0.3935458480913026,0.0,2.3612750885478158,0.3935458480913026,0.0,2.7548209366391188,0.0,Soviet/Eastern bloc,1990–2001
AZE,1994,0.0,0.0,1.5641293013555788,1.3034410844629822,0.0,2.346193952033368,0.7820646506777894,Soviet/Eastern bloc,1990–2001
HRV,1992,0.0,0.0,1.6416510318949344,0.7035647279549718,0.0,1.1726078799249533,1.876172607879925,Soviet/Eastern bloc,1990–2001
KAZ,1997,0.49677098857426727,0.0,0.0,0.49677098857426727,0.0,0.9935419771485345,0.0,Soviet/Eastern bloc,1990–2001
ALB,1990,0.0,0.0,0.8700696055684455,0.2900232018561485,0.0,0.2900232018561485,1.160092807424594,Soviet/Eastern bloc,1990–2001
SVK,2001,9.578544061302681,0.0,0.0,0.0,0.0,0.0,0.0,Soviet/Eastern bloc,1990–2001
TKM,2000,0.0,0.0,0.0,0.5847953216374269,0.0,0.5847953216374269,0.5847953216374269,Soviet/Eastern bloc,1990–2001
ALB,1998,0.7249003262051468,0.0,0.0,1.4498006524102935,0.0,1.0873504893077202,0.0,Soviet/Eastern bloc,1990–2001
BGR,2001,5.1020408163265305,0.0,1.0204081632653061,0.0,0.0,1.0204081632653061,0.0,Soviet/Eastern bloc,1990–2001
HUN,1997,0.544069640914037,0.0,0.0,1.088139281828074,0.0,0.544069640914037,0.0,Soviet/Eastern bloc,1990–2001
ALB,1993,0.0,0.0,0.0,0.962772785622593,0.0,0.0,0.0,Soviet/Eastern bloc,1990–2001
LVA,1997,0.0,0.0,0.0,0.0,0.0,0.5497526113249038,0.0,Soviet/Eastern bloc,1990–2001
TJK,1999,2.9895366218236172,0.0,0.0,0.7473841554559043,0.0,0.0,0.0,Soviet/Eastern bloc,1990–2001
TKM,1998,1.544799176107106,0.0,0.0,0.0,0.0,0.5149330587023687,0.5149330587023687,Soviet/Eastern bloc,1990–2001
POL,1992,0.0,0.0,0.38476337052712584,1.1542901115813775,0.0,1.1542901115813775,0.0,Soviet/Eastern bloc,1990–2001
LTU,1996,1.0282776349614395,0.0,0.0,1.5424164524421595,0.0,0.5141388174807198,0.0,Soviet/Eastern bloc,1990–2001
AZE,1999,1.6736401673640167,0.0,1.6736401673640167,3.3472803347280333,0.0,1.2552301255230125,0.0,Soviet/Eastern bloc,1990–2001
MNG,2001,6.647278770253427,0.0,0.0,0.0,0.0,0.0,0.0,Soviet/Eastern bloc,1990–2001
CZE,2000,0.0,0.0,0.9718172983479105,0.32393909944930355,0.0,0.9718172983479105,0.0,Soviet/Eastern bloc,1990–2001
RUS,1999,3.1174229303775545,0.0,0.3463803255975061,1.7319016279875303,0.0,1.7319016279875303,0.0,Soviet/Eastern bloc,1990–2001
KGZ,1992,0.0,0.0,0.0,2.05761316872428,0.0,1.02880658436214,0.0,Soviet/Eastern bloc,1990–2001
LTU,1992,0.0,0.0,0.0,0.0,0.0,0.0,0.0,Soviet/Eastern bloc,1990–2001
CUB,2000,0.4374453193350831,0.0,0.4374453193350831,0.4374453193350831,0.4374453193350831,0.0,0.4374453193350831,Soviet/Eastern bloc,1990–2001
PER,1994,2.5284450063211126,0.0,0.0,0.0,0.0,0.6321112515802781,0.0,Non-Aligned Movement,1990–2001
IDN,1992,0.0,0.0,0.7363770250368188,0.0,0.0,0.0,1.4727540500736376,Non-Aligned Movement,1990–2001
SGP,1996,0.0,0.0,0.2892681515765114,0.0,0.2892681515765114,0.0,0.5785363031530228,Non-Aligned Movement,1990–2001
BLZ,1991,0.0,0.0,1.1890606420927465,0.0,0.0,0.7927070947284979,0.0,Non-Aligned Movement,1990–2001
NRU,2000,0.0,0.0,0.0,0.32310177705977383,0.0,0.32310177705977383,0.32310177705977383,Non-Aligned Movement,1990–2001
AFG,1991,0.0,0.0,0.4610419548178884,0.2305209774089442,0.0,0.9220839096357768,0.0,Non-Aligned Movement,1990–2001
IRN,1993,0.22805017103762829,0.22805017103762829,0.6841505131128849,0.6841505131128849,0.45610034207525657,0.9122006841505131,0.9122006841505131,Non-Aligned Movement,1990–2001
DJI,1995,0.0,0.0,0.3008423586040915,1.5042117930204573,0.0,0.3008423586040915,0.0,Non-Aligned Movement,1990–2001
NPL,1999,0.0,0.0,0.0,0.0,0.0,0.4448398576512455,0.4448398576512455,Non-Aligned Movement,1990–2001
CMR,1998,0.3270111183780249,0.0,0.3270111183780249,0.9810333551340745,0.0,0.3270111183780249,0.3270111183780249,Non-Aligned Movement,1990–2001
COG,1994,0.0,0.0,0.0,0.6749915626054674,0.0,0.3374957813027337,0.0,Non-Aligned Movement,1990–2001
BFA,1990,0.0,0.0,0.37271710771524413,0.37271710771524413,0.0,0.37271710771524413,0.0,Non-Aligned Movement,1990–2001
NPL,1995,0.3537318712415989,0.0,0.0,0.7074637424831978,0.0,0.3537318712415989,0.3537318712415989,Non-Aligned Movement,1990–2001
BRA,2000,0.0,0.0,0.0,0.41562759767248547,0.0,0.0,0.41562759767248547,Non-Aligned Movement,1990–2001
MDV,2001,6.4605445316105214,0.0,0.0,0.0,0.0,0.9229349330872173,0.46146746654360865,Non-Aligned Movement,1990–2001
YEM,1991,0.0,0.0,1.6884761502743773,0.4221190375685943,0.8442380751371886,1.2663571127057829,0.4221190375685943,Non-Aligned Movement,1990–2001
CYP,1996,0.42607584149978694,0.0,0.8521516829995739,0.42607584149978694,0.0,0.0,0.0,Non-Aligned Movement,1990–2001
DZA,1996,1.721664275466284,0.0,0.860832137733142,0.0,0.0,0.5738880918220947,0.0,Non-Aligned Movement,1990–2001
GAB,1991,0.0,0.0,0.9592326139088729,0.0,0.0,0.0,0.0,Non-Aligned Movement,1990–2001
MHL,1997,0.0,0.0,0.0,0.0,0.0,0.0,0.0,Non-Aligned Movement,1990–2001
JAM,1999,0.333889816360601,0.0,0.667779632721202,2.337228714524207,0.0,0.667779632721202,0.0,Non-Aligned Movement,1990–2001
SGP,1998,0.0,0.0,0.0,1.1554015020219526,0.0,0.0,0.0,Non-Aligned Movement,1990–2001
BRB,1992,0.0,0.0,0.8703220191470844,0.8703220191470844,0.0,0.4351610095735422,0.4351610095735422,Non-Aligned Movement,1990–2001
HTI,1997,0.0,0.0,0.0,1.1154489682097044,0.0,0.0,0.0,Non-Aligned Movement,1990–2001
CHL,1998,0.3676470588235294,0.0,0.3676470588235294,2.2058823529411766,0.0,0.0,0.0,Non-Aligned Movement,1990–2001
FRA,2002,2.5,0.0,0.0,0.4166666666666667,0.0,0.8333333333333334,0.4166666666666667,Western bloc,2002–2008
SMR,2004,3.1486146095717884,0.0,0.6297229219143576,1.889168765743073,0.0,1.2594458438287153,0.6297229219143576,Western bloc,2002–2008
SWE,2008,2.0,0.0,0.0,0.6666666666666666,0.0,4.0,0.0,Western bloc,2002–2008
NZL,2006,1.7064846416382253,0.0,0.0,0.0,0.0,0.0,0.0,Western bloc,2002–2008
IRL,2003,3.9714058776806986,0.2647603918453799,0.2647603918453799,1.0590415673815197,0.5295207836907598,0.5295207836907598,0.0,Western bloc,2002–2008
TUR,2005,4.8517520215633425,0.0,0.0,0.5390835579514826,1.078167115902965,0.0,0.5390835579514826,Western bloc,2002–2008
LVA,2003,1.7953321364452424,0.0,0.0,0.5984440454817475,0.0,0.0,1.7953321364452424,Western bloc,2002–2008
MCO,2005,0.0,0.0,0.0,1.8315018315018314,0.0,0.0,0.6105006105006106,Western bloc,2002–2008
AND,2006,1.5789473684210527,0.0,0.0,0.5263157894736842,0.0,0.0,1.0526315789473684,Western bloc,2002–2008
NZL,2002,7.926023778071334,0.0,0.0,0.0,0.0,0.0,0.0,Western bloc,2002–2008
POL,2007,0.0,0.0,0.0,0.0,0.0,0.0,0.0,Western bloc,2002–2008
PRT,2004,2.4142926122646062,0.0,0.0,0.0,0.0,0.0,0.48285852245292127,Western bloc,2002–2008
SWE,2002,4.689942678478374,0.0,0.5211047420531526,0.5211047420531526,0.0,1.563314226159458,0.0,Western bloc,2002–2008
ITA,2006,0.441306266548985,0.0,0.0,0.88261253309797,0.0,0.0,0.0,Western bloc,2002–2008
LTU,2007,0.6738544474393532,0.0,0.0,1.3477088948787064,0.0,0.6738544474393532,0.6738544474393532,Western bloc,2002–2008
CHE,2002,1.358695652173913,0.0,0.0,4.076086956521739,0.0,0.0,0.0,Western bloc,2002–2008
NOR,2006,1.7873100983020553,0.0,0.0,1.7873100983020553,0.0,1.7873100983020553,0.0,Western bloc,2002–2008
SWE,2004,5.370569280343717,0.0,0.5370569280343717,3.22234156820623,0.0,3.7593984962406015,0.0,Western bloc,2002–2008
MCO,2007,1.6207455429497568,0.0,0.0,0.0,0.0,0.0,0.0,Western bloc,2002–2008
BEL,2005,0.6472491909385113,0.0,0.6472491909385113,1.941747572815534,0.0,0.0,0.0,Western bloc,2002–2008
GBR,2004,8.916001877053027,0.46926325668700136,0.9385265133740027,0.9385265133740027,0.0,0.0,0.0,Western bloc,2002–2008
BGR,2002,8.204193254329992,0.0,0.0,0.0,0.0,1.8231540565177757,0.0,Western bloc,2002–2008
ISR,2004,10.112359550561797,0.0,0.0,0.0,0.0,0.0,0.0,Western bloc,2002–2008
AUS,2005,12.906556530717605,0.0,0.0,3.097573567372225,1.0325245224574084,0.5162622612287042,0.0,Western bloc,2002–2008
AUT,2004,3.5175879396984926,0.0,0.0,1.0050251256281408,0.0,0.5025125628140704,0.0,Western bloc,2002–2008
TKM,2008,2.592016588906169,0.0,1.0368066355624677,0.5184033177812338,0.0,0.5184033177812338,0.0,Soviet/Eastern bloc,2002–2008
ARM,2007,0.7293946024799417,0.0,0.0,1.4587892049598834,0.0,0.0,0.0,Soviet/Eastern bloc,2002–2008
ALB,2003,5.17799352750809,0.0,0.0,0.0,0.0,0.0,0.0,Soviet/Eastern bloc,2002–2008
RUS,2007,4.451864218141347,0.0,0.0,0.0,0.0,1.669449081803005,0.5564830272676684,Soviet/Eastern bloc,2002–2008
GEO,2007,0.0,0.0,0.3146633102580239,0.0,0.0,0.0,0.6293266205160478,Soviet/Eastern bloc,2002–2008
MKD,2004,3.95703787450537,0.0,0.5652911249293385,0.5652911249293385,0.0,0.0,0.0,Soviet/Eastern bloc,2002–2008
RUS,2003,3.6429872495446265,0.0,0.0,0.9107468123861566,0.0,1.366120218579235,0.0,Soviet/Eastern bloc,2002–2008
MKD,2002,6.087437742114001,0.0,0.0,0.0,1.1068068622025455,0.0,0.5534034311012728,Soviet/Eastern bloc,2002–2008
GEO,2004,4.4596012591815315,0.0,0.0,0.0,0.0,0.2623294858342078,0.0,Soviet/Eastern bloc,2002–2008
TKM,2005,2.622950819672131,0.0,0.0,0.6557377049180327,0.0,1.9672131147540983,1.3114754098360655,Soviet/Eastern bloc,2002–2008
PRK,2004,0.4589261128958238,0.0,1.8357044515832952,0.0,0.0,0.9178522257916476,0.0,Soviet/Eastern bloc,2002–2008
MDA,2007,6.18921308576481,0.0,0.8841732979664013,0.8841732979664013,0.0,0.0,0.0,Soviet/Eastern bloc,2002–2008
UZB,2006,12.485811577752553,0.0,1.1350737797956867,1.1350737797956867,4.540295119182747,0.0,0.0,Soviet/Eastern bloc,2002–2008
GEO,2005,1.6038492381716118,0.0,0.0,0.8019246190858059,0.0,0.0,0.0,Soviet/Eastern bloc,2002–2008
CUB,2004,2.53324889170361,0.0,0.0,0.0,0.6333122229259025,1.266624445851805,0.6333122229259025,Soviet/Eastern bloc,2002–2008
UKR,2008,0.8583690987124463,0.0,1.7167381974248925,0.8583690987124463,0.8583690987124463,2.575107296137339,0.0,Soviet/Eastern bloc,2002–2008
PRK,2007,0.625,0.0,4.375,0.0,0.0,1.875,0.0,Soviet/Eastern bloc,2002–2008
UZB,2004,8.787346221441126,0.0,0.0,0.8787346221441125,0.0,0.0,1.757469244288225,Soviet/Eastern bloc,2002–2008
VNM,2003,2.4125452352231602,0.0,2.4125452352231602,0.6031363088057901,0.0,1.8094089264173703,0.0,Soviet/Eastern bloc,2002–2008
CUB,2003,0.501002004008016,0.0,1.503006012024048,0.0,0.0,1.503006012024048,0.0,Soviet/Eastern bloc,2002–2008
UKR,2002,4.520795660036167,0.0,0.4520795660036166,0.4520795660036166,0.0,0.9041591320072332,0.0,Soviet/Eastern bloc,2002–2008
TJK,2002,8.755760368663594,0.0,0.0,1.8433179723502304,0.0,0.4608294930875576,0.0,Soviet/Eastern bloc,2002–2008
TJK,2008,3.639672429481347,0.0,0.0,0.9099181073703367,0.9099181073703367,0.0,0.45495905368516837,Soviet/Eastern bloc,2002–2008
UZB,2008,0.968054211035818,0.0,0.0,0.0,0.0,0.0,0.968054211035818,Soviet/Eastern bloc,2002–2008
RUS,2006,5.555555555555555,0.0,0.0,0.0,0.0,1.5873015873015872,0.3968253968253968,Soviet/Eastern bloc,2002–2008
BHR,2003,2.208480565371025,0.0,0.4416961130742049,0.8833922261484098,0.0,0.4416961130742049,0.0,Non-Aligned Movement,2002–2008
CHN,2007,0.0,0.0,0.0,0.8684324793747287,0.0,0.8684324793747287,0.0,Non-Aligned Movement,2002–2008
KHM,2008,4.662004662004662,0.0,0.0,0.5827505827505828,0.0,0.0,0.0,Non-Aligned Movement,2002–2008
ZMB,2005,3.257328990228013,0.0,0.0,0.0,0.0,0.0,1.6286644951140066,Non-Aligned Movement,2002–2008
STP,2003,1.520912547528517,0.0,0.0,0.0,0.7604562737642585,0.7604562737642585,0.0,Non-Aligned Movement,2002–2008
ZAF,2005,0.449842555105713,0.0,0.0,0.899685110211426,0.0,0.899685110211426,0.0,Non-Aligned Movement,2002–2008
KWT,2008,1.2026458208057726,0.0,1.2026458208057726,0.0,0.0,0.6013229104028863,0.0,Non-Aligned Movement,2002–2008
MMR,2007,4.223864836325237,0.0,0.0,0.5279831045406547,0.0,0.0,1.5839493136219642,Non-Aligned Movement,2002–2008
MLI,2008,0.684931506849315,0.0,0.0,0.0,0.0,0.0,0.0,Non-Aligned Movement,2002–2008
KIR,2008,0.7555723460521344,0.0,0.0,0.0,0.0,0.0,0.0,Non-Aligned Movement,2002–2008
CHN,2008,0.7468259895444362,0.0,5.227781926811053,0.0,0.0,0.7468259895444362,1.4936519790888725,Non-Aligned Movement,2002–2008
OMN,2007,0.0,0.0,0.0,0.0,0.0,0.8591065292096219,0.0,Non-Aligned Movement,2002–2008
BOL,2002,0.0,0.0,0.0,0.0,0.0,0.0,0.0,Non-Aligned Movement,2002–2008
TCD,2004,1.826817683595177,0.0,0.36536353671903543,2.557544757033248,0.0,0.36536353671903543,0.0,Non-Aligned Movement,2002–2008
COM,2008,0.5467468562055768,0.0,0.0,0.0,0.0,2.1869874248223073,0.0,Non-Aligned Movement,2002–2008
VUT,2002,1.0559662090813093,0.0,0.5279831045406547,0.0,0.5279831045406547,1.0559662090813093,0.0,Non-Aligned Movement,2002–2008
PHL,2006,3.4153005464480874,0.0,0.0,0.0,0.0,0.0,0.0,Non-Aligned Movement,2002–2008
YEM,2002,9.852216748768473,0.0,1.4074595355383532,0.0,0.0,0.0,0.0,Non-Aligned Movement,2002–2008
DMA,2005,2.9296875,0.0,0.0,0.48828125,0.0,0.0,0.0,Non-Aligned Movement,2002–2008
MAR,2006,0.0,0.0,0.9474182851729038,0.0,0.0,1.4211274277593557,0.0,Non-Aligned Movement,2002–2008
LSO,2005,1.5923566878980893,0.7961783439490446,0.0,1.5923566878980893,0.0,0.0,0.0,Non-Aligned Movement,2002–2008
MDV,2004,4.166666666666667,0.0,0.0,0.0,0.0,0.0,0.0,Non-Aligned Movement,2002–2008
CRI,2003,3.061849357011635,0.0,0.0,1.224739742804654,0.0,1.224739742804654,0.0,Non-Aligned Movement,2002–2008
LAO,2003,0.0,0.0,0.7209805335255948,0.7209805335255948,0.0,2.1629416005767843,0.0,Non-Aligned Movement,2002–2008
KNA,2002,1.8796992481203008,0.0,0.0,0.0,0.0,1.2531328320802004,0.0,Non-Aligned Movement,2002–2008
ESP,2009,0.8722197993894462,0.0,0.0,0.0,0.0,0.0,0.0,Western bloc,2009–2013
BGR,2011,1.0795250089960418,0.0,0.0,0.0,0.0,0.0,0.0,Western bloc,2009–2013
EST,2009,0.0,0.0,0.7552870090634441,10.574018126888218,0.0,0.7552870090634441,0.0,Western bloc,2009–2013
BGR,2010,2.197802197802198,0.0,0.0,0.6279434850863422,0.0,0.3139717425431711,0.0,Western bloc,2009–2013
LIE,2013,0.6414368184733803,0.0,0.0,3.8486209108402822,0.0,1.2828736369467606,0.0,Western bloc,2009–2013
SMR,2009,4.197271773347325,0.0,0.0,0.0,0.0,0.5246589716684156,0.0,Western bloc,2009–2013
NOR,2010,0.0,0.0,0.0,0.0,0.0,0.0,0.0,Western bloc,2009–2013
LIE,2010,0.0,0.0,0.0,0.676132521974307,0.0,1.352265043948614,0.0,Western bloc,2009–2013
NZL,2009,0.0,0.0,0.0,0.9718172983479105,0.0,0.9718172983479105,0.0,Western bloc,2009–2013
HUN,2012,0.0,0.0,0.0,0.0,0.0,0.7818608287724785,0.0,Western bloc,2009–2013
SVK,2012,2.5176233635448138,0.0,0.0,0.0,0.0,0.5035246727089627,0.0,Western bloc,2009–2013
CHE,2011,0.0,0.0,0.0,0.0,0.0,0.9560229445506692,0.0,Western bloc,2009–2013
ALB,2011,0.0,0.0,0.0,0.0,0.0,1.6066838046272494,0.0,Western bloc,2009–2013
HRV,2010,3.2278889606197545,0.0,0.0,2.5823111684958038,0.0,0.6455777921239509,0.0,Western bloc,2009–2013
POL,2009,2.0761245674740487,0.0,0.0,0.0,0.0,0.6920415224913494,0.0,Western bloc,2009–2013
PRT,2011,1.7145306472353192,0.0,0.0,0.0,0.0,0.0,0.0,Western bloc,2009–2013
ESP,2011,4.056795131845842,0.0,0.0,0.8113590263691683,0.0,0.0,1.2170385395537524,Western bloc,2009–2013
TUR,2013,2.6857654431512983,0.0,0.0,0.8952551477170994,0.0,0.0,0.0,Western bloc,2009–2013
LTU,2013,0.0,0.0,0.0,0.0,0.0,0.0,0.0,Western bloc,2009–2013
ITA,2010,0.0,0.0,0.0,0.0,0.0,0.0,0.0,Western bloc,2009–2013
SVN,2009,0.0,0.0,0.0,0.562429696287964,0.0,0.0,0.0,Western bloc,2009–2013
NLD,2013,1.78173719376392,0.0,0.0,1.78173719376392,0.0,0.89086859688196,0.44543429844098,Western bloc,2009–2013
HRV,2013,0.0,0.0,0.41017227235438886,0.8203445447087777,0.0,0.0,0.0,Western bloc,2009–2013
ISR,2010,0.7326007326007326,0.0,0.0,0.7326007326007326,0.0,0.0,0.7326007326007326,Western bloc,2009–2013
BEL,2010,0.0,0.0,1.1933174224343677,1.1933174224343677,0.0,0.5966587112171838,0.0,Western bloc,2009–2013
RUS,2009,0.7707129094412332,0.0,0.0,0.0,0.0,1.5414258188824663,0.0,Soviet/Eastern bloc,2009–2013
MNE,2010,3.2441200324412005,0.0,0.0,0.8110300081103001,0.0,1.6220600162206003,0.0,Soviet/Eastern bloc,2009–2013
MNG,2010,2.435064935064935,0.0,0.0,0.0,0.0,0.0,0.0,Soviet/Eastern bloc,2009–2013
GEO,2013,0.0,0.0,0.6212466349140608,0.2070822116380203,0.0,0.0,1.0354110581901013,Soviet/Eastern bloc,2009–2013
MNE,2011,0.48590864917395526,0.0,0.0,0.48590864917395526,0.0,0.48590864917395526,0.0,Soviet/Eastern bloc,2009–2013
KAZ,2010,2.4189646831156266,0.0,0.0,0.4837929366231253,0.0,0.0,0.0,Soviet/Eastern bloc,2009–2013
CUB,2011,2.9311187103077674,0.0,0.9770395701025891,1.4655593551538837,0.0,0.9770395701025891,0.48851978505129456,Soviet/Eastern bloc,2009–2013
KGZ,2011,0.0,0.0,0.0,0.0,0.0,0.7204610951008645,0.7204610951008645,Soviet/Eastern bloc,2009–2013
GEO,2012,0.0,0.0,0.587026709715292,0.0,0.0,0.293513354857646,0.0,Soviet/Eastern bloc,2009–2013
BLR,2011,0.0,0.0,0.5221932114882506,0.0,0.0,1.566579634464752,0.0,Soviet/Eastern bloc,2009–2013
KGZ,2010,3.6477331943720688,0.0,0.0,1.563314226159458,0.0,0.0,0.5211047420531526,Soviet/Eastern bloc,2009–2013
BLR,2009,1.4655593551538837,0.0,0.0,0.0,0.0,0.0,0.0,Soviet/Eastern bloc,2009–2013
VNM,2013,0.6090133982947624,0.0,0.6090133982947624,0.0,0.0,1.8270401948842874,0.0,Soviet/Eastern bloc,2009–2013
MNG,2011,1.1342155009451795,0.0,0.0,0.0,0.0,0.0,0.3780718336483932,Soviet/Eastern bloc,2009–2013
MNG,2009,0.0,0.0,0.0,0.0,0.0,0.0,0.0,Soviet/Eastern bloc,2009–2013
PRK,2011,0.0,0.0,0.9794319294809011,0.0,0.9794319294809011,0.9794319294809011,0.0,Soviet/Eastern bloc,2009–2013
PRK,2013,0.0,0.0,2.2087244616234125,0.0,2.2087244616234125,0.5521811154058531,0.0,Soviet/Eastern bloc,2009–2013
UKR,2011,3.225806451612903,0.0,0.0,2.688172043010753,0.0,0.0,0.5376344086021505,Soviet/Eastern bloc,2009–2013
ARM,2013,0.6618133686300464,0.0,0.0,3.970880211780278,0.0,1.3236267372600927,0.0,Soviet/Eastern bloc,2009–2013
MKD,2010,0.0,0.0,0.0,0.625,0.0,0.625,0.625,Soviet/Eastern bloc,2009–2013
CUB,2012,4.424778761061947,0.0,2.5284450063211126,0.0,1.2642225031605563,0.6321112515802781,0.0,Soviet/Eastern bloc,2009–2013
AZE,2009,0.0,0.0,1.1049723756906078,0.5524861878453039,0.0,2.7624309392265194,1.1049723756906078,Soviet/Eastern bloc,2009–2013
CUB,2010,1.7162471395881005,0.0,0.0,0.5720823798627003,1.1441647597254005,1.1441647597254005,0.5720823798627003,Soviet/Eastern bloc,2009–2013
ARM,2009,0.6640106241699867,0.0,0.0,4.648074369189907,0.0,2.6560424966799467,0.0,Soviet/Eastern bloc,2009–2013
VNM,2010,2.0222446916076846,0.0,1.0111223458038423,0.5055611729019212,1.0111223458038423,0.5055611729019212,0.5055611729019212,Soviet/Eastern bloc,2009–2013
CRI,2011,0.0,0.0,0.46125461254612543,0.9225092250922509,0.0,1.3837638376383763,0.0,Non-Aligned Movement,2009–2013
GRD,2010,0.5543237250554324,0.0,0.0,1.1086474501108647,0.0,0.0,0.0,Non-Aligned Movement,2009–2013
MLI,2012,3.586065573770492,0.0,0.0,3.586065573770492,0.0,0.0,1.0245901639344264,Non-Aligned Movement,2009–2013
GNB,2009,0.0,0.0,0.0,0.0,0.0,0.0,0.0,Non-Aligned Movement,2009–2013
SOM,2012,0.0,0.0,0.0,0.4061738424045491,0.0,0.0,0.0,Non-Aligned Movement,2009–2013
CHL,2010,0.45413260672116257,0.0,0.0,0.45413260672116257,0.0,0.0,0.45413260672116257,Non-Aligned Movement,2009–2013
BRN,2012,0.7867820613690008,0.0,0.0,0.0,0.0,0.0,0.0,Non-Aligned Movement,2009–2013
PHL,2012,0.0,0.0,0.0,0.8624407072013799,0.0,0.43122035360068994,0.0,Non-Aligned Movement,2009–2013
SUR,2009,0.888888888888889,0.0,0.0,0.0,0.0,0.0,0.888888888888889,Non-Aligned Movement,2009–2013
UGA,2010,0.0,0.0,0.0,0.0,0.0,0.0,0.0,Non-Aligned Movement,2009–2013
KNA,2009,0.3743916136278548,0.0,0.0,0.0,0.0,0.0,0.0,Non-Aligned Movement,2009–2013
COM,2013,0.521920668058455,0.0,1.04384133611691,0.0,0.0,3.6534446764091855,0.521920668058455,Non-Aligned Movement,2009–2013
QAT,2012,0.0,0.0,0.0,0.5608524957936063,0.0,0.0,0.5608524957936063,Non-Aligned Movement,2009–2013
GHA,2012,0.0,0.0,0.0,0.45187528242205155,0.0,0.45187528242205155,0.0,Non-Aligned Movement,2009–2013
MOZ,2009,0.0,0.0,0.0,0.0,0.0,0.0,0.0,Non-Aligned Movement,2009–2013
TCD,2010,0.5995203836930455,0.0,0.0,2.398081534772182,0.0,0.5995203836930455,0.0,Non-Aligned Movement,2009–2013
SYR,2013,11.373578302712161,0.0,1.7497812773403325,1.3123359580052494,0.4374453193350831,0.8748906386701663,0.4374453193350831,Non-Aligned Movement,2009–2013
CAF,2013,1.0104412260020208,0.0,0.0,5.389019872010778,0.0,0.3368137420006736,0.0,Non-Aligned Movement,2009–2013
KOR,2013,2.3331777881474567,0.0,0.0,1.8665422305179655,0.0,0.0,0.0,Non-Aligned Movement,2009–2013
BDI,2010,0.0,0.0,0.0,0.0,0.0,0.6688963210702341,0.0,Non-Aligned Movement,2009–2013
MYS,2011,5.847953216374268,0.0,0.0,1.299545159194282,0.0,0.0,0.649772579597141,Non-Aligned Movement,2009–2013
COG,2012,1.001001001001001,0.0,0.0,1.5015015015015014,0.0,0.0,0.0,Non-Aligned Movement,2009–2013
MWI,2011,0.0,0.0,0.0,0.0,0.0,0.0,0.0,Non-Aligned Movement,2009–2013
BGD,2013,2.2603978300180834,0.0,0.0,0.4520795660036166,0.0,0.0,0.0,Non-Aligned Movement,2009–2013
STP,2012,0.4899559039686428,0.0,0.0,0.0,0.0,0.4899559039686428,0.0,Non-Aligned Movement,2009–2013
BEL,2014,7.562536358347876,0.0,0.0,0.5817335660267597,0.0,0.0,0.0,Western bloc,2014–2019
FIN,2015,0.0,0.0,0.0,0.8992805755395684,0.0,0.0,0.0,Western bloc,2014–2019
CIV,2018,1.4265335235378032,0.0,0.0,1.4265335235378032,0.0,1.4265335235378032,0.0,Western bloc,2014–2019
SVK,2014,1.199040767386091,0.0,0.0,0.0,0.0,1.199040767386091,0.0,Western bloc,2014–2019
PRT,2016,1.7878426698450536,0.0,0.0,1.7878426698450536,0.0,1.7878426698450536,0.0,Western bloc,2014–2019
CHE,2016,1.976284584980237,0.0,0.0,1.3175230566534915,0.0,0.0,0.0,Western bloc,2014–2019
ISL,2015,0.5241090146750524,0.0,0.0,2.620545073375262,0.0,0.5241090146750524,0.0,Western bloc,2014–2019
LTU,2014,4.784688995215311,0.0,3.189792663476874,0.0,0.0,0.0,0.0,Western bloc,2014–2019
SMR,2014,0.7032348804500703,0.0,0.7032348804500703,1.4064697609001406,0.0,0.0,0.0,Western bloc,2014–2019
AUS,2018,0.9049773755656109,0.0,0.0,0.9049773755656109,0.0,1.8099547511312217,0.0,Western bloc,2014–2019
ESP,2015,5.610098176718092,0.0,0.9350163627863488,1.402524544179523,0.0,1.402524544179523,0.9350163627863488,Western bloc,2014–2019
SWE,2016,0.6053268765133172,0.0,0.0,1.2106537530266344,0.0,1.8159806295399517,0.0,Western bloc,2014–2019
HRV,2018,0.7153075822603719,0.0,0.0,0.35765379113018597,0.0,0.0,0.0,Western bloc,2014–2019
ROU,2019,4.826254826254826,0.0,0.0,0.0,0.0,0.9652509652509653,0.0,Western bloc,2014–2019
NLD,2014,0.0,0.0,0.0,0.9881422924901185,0.0,0.0,0.0,Western bloc,2014–2019
DNK,2019,0.0,0.0,0.5257623554153522,0.0,0.0,0.0,0.0,Western bloc,2014–2019
NOR,2014,4.694835680751174,0.0,0.0,3.912363067292645,0.0,1.5649452269170578,0.0,Western bloc,2014–2019
NOR,2016,2.4844720496894412,0.0,0.0,3.7267080745341614,0.0,1.8633540372670807,0.0,Western bloc,2014–2019
ITA,2015,3.1446540880503147,0.0,0.0,0.0,0.0,0.0,0.7861635220125787,Western bloc,2014–2019
CAN,2017,0.0,0.3056234718826406,0.0,0.0,0.0,0.0,0.6112469437652812,Western bloc,2014–2019
ITA,2016,2.9086678301337985,0.0,0.0,0.0,0.0,0.0,0.0,Western bloc,2014–2019
NZL,2016,0.482392667631452,0.0,0.482392667631452,1.447178002894356,0.0,0.482392667631452,0.0,Western bloc,2014–2019
DEU,2015,1.0683760683760686,0.0,0.5341880341880343,1.6025641025641024,0.0,0.5341880341880343,0.0,Western bloc,2014–2019
SVN,2016,0.9514747859181732,0.0,0.0,0.0,0.0,2.8544243577545196,0.0,Western bloc,2014–2019
PRT,2019,1.2239902080783354,0.0,0.0,0.0,0.0,1.8359853121175032,0.6119951040391677,Western bloc,2014–2019
UKR,2018,0.0,0.0,0.3318951211417192,0.0,0.0,1.659475605708596,0.0,Soviet/Eastern bloc,2014–2019
GEO,2016,0.0,0.0,0.4278990158322636,0.0,0.0,0.0,0.0,Soviet/Eastern bloc,2014–2019
UZB,2017,2.0100502512562817,0.0,0.0,0.0,0.0,0.0,0.0,Soviet/Eastern bloc,2014–2019
VNM,2016,1.41643059490085,0.0,0.0,0.708215297450425,0.0,5.6657223796034,0.0,Soviet/Eastern bloc,2014–2019
MDA,2016,2.7068832173240525,0.0,0.7733952049497294,0.3866976024748647,0.0,1.9334880123743232,0.0,Soviet/Eastern bloc,2014–2019
KAZ,2017,6.373937677053824,0.0,0.0,1.0623229461756376,0.0,0.0,0.0,Soviet/Eastern bloc,2014–2019
ARM,2015,1.3071895424836601,0.0,0.0,4.575163398692811,0.0,0.0,0.6535947712418301,Soviet/Eastern bloc,2014–2019
UZB,2016,2.185792349726776,0.0,1.092896174863388,1.092896174863388,0.0,1.092896174863388,0.0,Soviet/Eastern bloc,2014–2019
KGZ,2017,2.34375,0.0,0.390625,0.390625,0.0,0.0,1.5625,Soviet/Eastern bloc,2014–2019
MDA,2015,1.3992537313432836,0.0,0.9328358208955224,0.0,0.0,2.798507462686567,0.0,Soviet/Eastern bloc,2014–2019
TJK,2015,6.238003838771593,0.0,0.0,0.9596928982725528,0.0,0.0,0.0,Soviet/Eastern bloc,2014–2019
TJK,2014,1.799640071985603,0.0,0.0,0.0,0.0,0.5998800239952009,0.0,Soviet/Eastern bloc,2014–2019
RUS,2015,4.176035978156119,0.0,0.32123353678124,0.0,0.0,2.56986829424992,0.32123353678124,Soviet/Eastern bloc,2014–2019
MNG,2014,2.663115845539281,0.0,0.0,0.0,0.0,0.6657789613848203,0.6657789613848203,Soviet/Eastern bloc,2014–2019
PRK,2019,0.0,0.0,4.301075268817204,0.0,0.0,0.0,0.0,Soviet/Eastern bloc,2014–2019
PRK,2015,0.0,0.0,0.4651162790697675,0.0,0.0,1.86046511627907,0.0,Soviet/Eastern bloc,2014–2019
RUS,2019,2.6720106880427523,0.0,0.6680026720106881,0.0,0.6680026720106881,3.006012024048096,0.6680026720106881,Soviet/Eastern bloc,2014–2019
UKR,2019,0.0,0.0,0.6435006435006435,0.0,0.0,0.6435006435006435,0.6435006435006435,Soviet/Eastern bloc,2014–2019
KAZ,2015,4.2682926829268295,0.0,0.6097560975609756,0.0,0.0,2.4390243902439024,0.6097560975609756,Soviet/Eastern bloc,2014–2019
ARM,2014,0.5841121495327103,0.0,0.0,7.593457943925234,0.0,0.5841121495327103,0.0,Soviet/Eastern bloc,2014–2019
VNM,2019,0.0,0.0,0.0,0.0,0.0,6.822057987492894,0.5685048322910744,Soviet/Eastern bloc,2014–2019
KAZ,2019,3.691983122362869,0.0,0.0,0.5274261603375527,0.0,0.0,0.0,Soviet/Eastern bloc,2014–2019
TKM,2019,1.431980906921241,0.0,0.47732696897374705,0.47732696897374705,0.0,1.431980906921241,0.0,Soviet/Eastern bloc,2014–2019
UKR,2016,2.721829069134458,0.0,0.2721829069134459,1.360914534567229,0.0,1.0887316276537835,0.8165487207403375,Soviet/Eastern bloc,2014–2019
RUS,2014,4.7114252061248525,0.0,0.7852375343541421,0.7852375343541421,0.0,0.7852375343541421,0.39261876717707106,Soviet/Eastern bloc,2014–2019
SLB,2019,0.0,0.0,0.29231218941829873,0.0,0.0,0.29231218941829873,0.0,Non-Aligned Movement,2014–2019
PRY,2014,0.0,0.0,0.0,0.4752851711026616,0.0,1.4258555133079849,0.4752851711026616,Non-Aligned Movement,2014–2019
MLI,2016,2.9955067398901645,0.0,0.998502246630055,0.4992511233150275,0.0,0.0,0.0,Non-Aligned Movement,2014–2019
MMR,2016,3.075030750307503,0.6150061500615006,0.0,0.6150061500615006,0.0,1.2300123001230012,0.0,Non-Aligned Movement,2014–2019
VCT,2018,0.40883074407195424,0.0,1.635322976287817,0.8176614881439085,0.0,0.8176614881439085,1.635322976287817,Non-Aligned Movement,2014–2019
UGA,2015,0.0,0.0,0.0,0.0,0.0,0.0,0.0,Non-Aligned Movement,2014–2019
PER,2016,0.0,0.0,1.0256410256410255,0.0,0.0,1.0256410256410255,0.0,Non-Aligned Movement,2014–2019
UGA,2017,1.098901098901099,0.0,0.0,0.0,0.0,0.0,0.0,Non-Aligned Movement,2014–2019
GTM,2014,0.5711022272986864,0.0,0.0,0.5711022272986864,0.0,0.0,0.0,Non-Aligned Movement,2014–2019
NPL,2019,2.089427496865859,0.0,0.0,0.41788549937317176,0.0,1.253656498119515,0.0,Non-Aligned Movement,2014–2019
NIC,2017,3.6344755970924196,0.0,1.557632398753894,0.0,0.0,1.0384215991692627,0.0,Non-Aligned Movement,2014–2019
ETH,2018,0.0,0.0,0.0,0.0,0.0,0.0,0.7668711656441718,Non-Aligned Movement,2014–2019
ARE,2017,13.254113345521024,0.0,3.19926873857404,3.19926873857404,0.0,1.8281535648994516,0.0,Non-Aligned Movement,2014–2019
FSM,2018,0.0,0.0,0.0,0.0,0.0,1.3651877133105803,0.0,Non-Aligned Movement,2014–2019
UGA,2016,0.0,0.0,0.0,0.0,0.0,0.0,0.0,Non-Aligned Movement,2014–2019
CAF,2014,0.9803921568627451,0.0,0.0,4.411764705882353,0.0,0.9803921568627451,0.0,Non-Aligned Movement,2014–2019
ZMB,2018,0.0,0.0,0.0,0.0,0.0,0.0,0.6553079947575361,Non-Aligned Movement,2014–2019
PRY,2019,0.0,0.0,0.5411255411255411,1.0822510822510822,0.0,0.5411255411255411,0.0,Non-Aligned Movement,2014–2019
KOR,2017,0.0,0.0,0.38774718883288095,0.0,0.0,0.38774718883288095,0.0,Non-Aligned Movement,2014–2019
GRD,2015,0.0,0.0,0.0,0.0,0.0,0.0,0.0,Non-Aligned Movement,2014–2019
SLE,2015,0.7936507936507936,0.0,0.0,0.0,0.0,0.0,0.0,Non-Aligned Movement,2014–2019
SYR,2018,17.97219396405561,0.0,3.051881993896236,1.0172939979654119,0.0,2.373685995252628,0.0,Non-Aligned Movement,2014–2019
TLS,2019,0.0,0.0,0.0,0.585480093676815,0.0,0.0,0.0,Non-Aligned Movement,2014–2019
BTN,2016,1.4749262536873156,0.0,0.0,0.0,0.0,0.0,0.0,Non-Aligned Movement,2014–2019
FSM,2014,0.0,0.0,0.0,0.0,0.0,0.0,0.0,Non-Aligned Movement,2014–2019
AUT,2023,0.0,0.0,0.0,0.0,0.0,0.0,0.0,Western bloc,2020–2023
NLD,2021,0.0,0.0,0.0,1.3363028953229399,0.0,0.0,0.44543429844098,Western bloc,2020–2023
ESP,2023,0.9532888465204957,0.0,0.6355258976803305,0.6355258976803305,0.0,0.6355258976803305,0.0,Western bloc,2020–2023
BGR,2022,0.0,0.0,0.0,1.3175230566534915,0.0,0.0,0.0,Western bloc,2020–2023
USA,2021,2.0366598778004072,0.0,0.0,0.22629554197782303,0.0,0.45259108395564607,0.0,Western bloc,2020–2023
PRT,2022,0.5861664712778428,0.0,1.1723329425556857,1.7584994138335288,0.0,0.5861664712778428,0.5861664712778428,Western bloc,2020–2023
VAT,2022,1.2853470437017993,0.0,0.0,0.0,0.6426735218508997,0.0,0.0,Western bloc,2020–2023
MCO,2022,0.0,0.0,0.0,0.0,0.0,1.2300123001230012,0.0,Western bloc,2020–2023
EST,2022,0.0,0.43010752688172044,0.8602150537634409,2.150537634408602,0.0,2.5806451612903225,0.0,Western bloc,2020–2023
ISL,2021,0.48851978505129456,0.0,0.48851978505129456,2.9311187103077674,0.0,1.4655593551538837,0.0,Western bloc,2020–2023
ISL,2023,0.0,0.0,0.0,0.0,0.0,0.4591368227731864,0.0,Western bloc,2020–2023
TUR,2023,1.897018970189702,0.0,0.27100271002710025,2.710027100271003,0.27100271002710025,0.27100271002710025,1.084010840108401,Western bloc,2020–2023
TUR,2021,2.0527859237536656,0.0,0.2932551319648094,0.8797653958944281,0.0,0.5865102639296188,1.1730205278592376,Western bloc,2020–2023
AUS,2020,0.0,0.0,1.0193679918450562,1.0193679918450562,0.0,1.0193679918450562,0.0,Western bloc,2020–2023
GRC,2022,0.4466279589102278,0.0,2.6797677534613666,0.0,0.0,2.6797677534613666,0.0,Western bloc,2020–2023
LTU,2020,0.5555555555555556,0.0,1.1111111111111112,0.5555555555555556,0.0,3.3333333333333335,0.5555555555555556,Western bloc,2020–2023
GRC,2021,0.0,0.0,0.992063492063492,0.0,0.0,1.984126984126984,0.0,Western bloc,2020–2023
ALB,2020,0.5685048322910744,0.0,0.0,0.0,0.0,1.1370096645821488,0.0,Western bloc,2020–2023
JPN,2021,0.4847309743092584,0.0,0.0,0.4847309743092584,0.0,0.4847309743092584,0.0,Western bloc,2020–2023
CZE,2020,0.0,0.0,0.0,0.5035246727089627,0.0,0.0,0.0,Western bloc,2020–2023
POL,2023,0.0,0.0,0.0,1.9477989871445267,0.38955979742890534,1.168679392286716,0.0,Western bloc,2020–2023
CAN,2020,0.0,0.0,0.0,0.7087172218284905,0.0,0.7087172218284905,0.0,Western bloc,2020–2023
LTU,2023,0.0,0.0,0.7727975270479134,1.5455950540958268,0.0,2.31839258114374,0.0,Western bloc,2020–2023
USA,2022,0.2608242044861763,0.0,0.2608242044861763,0.7824726134585289,0.0,0.7824726134585289,0.0,Western bloc,2020–2023
GRC,2023,0.0,0.0,0.4210526315789474,0.4210526315789474,0.0,1.6842105263157896,0.0,Western bloc,2020–2023
MNG,2022,0.4038772213247173,0.0,0.0,1.2116316639741518,0.0,0.0,0.8077544426494346,Soviet/Eastern bloc,2020–2023
AZE,2023,0.36523009495982467,0.0,1.8261504747991235,2.9218407596785974,0.0,1.095690284879474,1.095690284879474,Soviet/Eastern bloc,2020–2023
UZB,2021,1.5408320493066257,0.0,0.0,0.0,0.0,0.0,0.0,Soviet/Eastern bloc,2020–2023
UKR,2020,0.0,0.0,1.1682242990654206,0.0,0.0,1.1682242990654206,0.0,Soviet/Eastern bloc,2020–2023
UKR,2021,0.0,0.0,0.3598416696653472,0.0,0.0,1.0795250089960418,0.0,Soviet/Eastern bloc,2020–2023
BLR,2020,0.0,0.0,1.087547580206634,0.0,0.0,0.543773790103317,0.543773790103317,Soviet/Eastern bloc,2020–2023
CUB,2021,0.9124087591240876,0.0,2.2810218978102186,0.0,0.0,0.0,0.0,Soviet/Eastern bloc,2020–2023
KAZ,2022,0.45187528242205155,0.0,0.0,0.45187528242205155,0.0,0.45187528242205155,0.0,Soviet/Eastern bloc,2020–2023
KGZ,2023,0.0,0.0,0.0,0.7757951900698216,0.0,0.7757951900698216,0.3878975950349108,Soviet/Eastern bloc,2020–2023
TJK,2022,6.175562417291575,0.0,0.0,0.8822232024702249,0.0,0.0,0.0,Soviet/Eastern bloc,2020–2023
KGZ,2020,5.46448087431694,0.0,0.0,0.0,0.0,0.0,0.0,Soviet/Eastern bloc,2020–2023
VNM,2020,0.0,0.0,0.91324200913242,0.0,0.0,4.5662100456621,0.0,Soviet/Eastern bloc,2020–2023
MNG,2020,0.0,0.0,0.0,1.335113484646195,0.0,0.0,1.335113484646195,Soviet/Eastern bloc,2020–2023
CUB,2023,0.37523452157598497,0.0,0.37523452157598497,0.0,0.7504690431519699,0.37523452157598497,0.37523452157598497,Soviet/Eastern bloc,2020–2023
PRK,2023,0.40716612377850164,0.0,1.6286644951140066,0.40716612377850164,0.8143322475570033,0.8143322475570033,0.0,Soviet/Eastern bloc,2020–2023
ARM,2023,0.45187528242205155,0.0,1.8075011296882062,9.941256213285133,0.0,0.9037505648441031,0.45187528242205155,Soviet/Eastern bloc,2020–2023
GEO,2021,0.47709923664122134,0.0,0.0,0.9541984732824427,0.0,0.9541984732824427,0.0,Soviet/Eastern bloc,2020–2023
VNM,2023,0.0,0.0,0.0,0.5945303210463733,0.0,2.972651605231867,0.0,Soviet/Eastern bloc,2020–2023
CUB,2022,2.052334530528476,0.0,3.591585428424833,0.0,1.026167265264238,0.513083632632119,0.0,Soviet/Eastern bloc,2020–2023
MDA,2022,0.0,0.0,1.5649452269170578,0.7824726134585289,0.0,0.0,0.7824726134585289,Soviet/Eastern bloc,2020–2023
PRK,2021,0.2723311546840959,0.0,1.3616557734204793,0.0,1.6339869281045751,0.5446623093681918,0.0,Soviet/Eastern bloc,2020–2023
UZB,2020,0.6024096385542169,0.0,0.0,0.0,0.0,0.0,0.0,Soviet/Eastern bloc,2020–2023
PRK,2020,0.0,0.0,2.9806259314456036,0.7451564828614009,1.4903129657228018,0.7451564828614009,0.0,Soviet/Eastern bloc,2020–2023
AZE,2021,0.26831231553528306,0.5366246310705661,0.5366246310705661,1.6098738932116983,0.5366246310705661,0.8049369466058491,0.5366246310705661,Soviet/Eastern bloc,2020–2023
GEO,2023,0.0,0.0,0.5518763796909493,0.5518763796909493,0.0,0.0,0.5518763796909493,Soviet/Eastern bloc,2020–2023
YEM,2021,0.7984031936127745,0.0,0.0,4.391217564870259,0.0,0.0,0.0,Non-Aligned Movement,2020–2023
VCT,2023,0.7704160246533128,0.0,0.0,1.5408320493066257,0.3852080123266564,0.7704160246533128,0.0,Non-Aligned Movement,2020–2023
VUT,2023,0.0,0.0,0.0,0.0,0.0,0.4003202562049639,0.8006405124099278,Non-Aligned Movement,2020–2023
COM,2022,1.8832391713747645,0.0,1.8832391713747645,0.0,0.0,0.9416195856873822,0.4708097928436911,Non-Aligned Movement,2020–2023
GTM,2023,0.0,0.0,0.38955979742890534,1.168679392286716,0.0,1.5582391897156214,0.0,Non-Aligned Movement,2020–2023
KHM,2020,3.0883261272390365,0.0,1.8529956763434219,0.6176652254478073,1.2353304508956147,0.6176652254478073,0.6176652254478073,Non-Aligned Movement,2020–2023
DJI,2023,0.0,0.0,0.0,0.40883074407195424,0.0,0.0,0.40883074407195424,Non-Aligned Movement,2020–2023
TON,2020,0.0,0.0,0.5813953488372093,1.1627906976744187,0.0,0.5813953488372093,0.5813953488372093,Non-Aligned Movement,2020–2023
PNG,2020,0.0,0.0,0.0,0.0,0.0,1.2474012474012475,0.0,Non-Aligned Movement,2020–2023
BRN,2022,0.0,0.0,0.8802816901408451,0.0,0.0,0.8802816901408451,0.0,Non-Aligned Movement,2020–2023
TGO,2021,0.5310674455655868,0.0,0.0,0.0,0.0,0.0,0.0,Non-Aligned Movement,2020–2023
TCD,2020,3.4467901766479967,0.0,0.0,0.4308487720809996,0.0,0.4308487720809996,0.0,Non-Aligned Movement,2020–2023
NRU,2023,0.0,0.0,0.0,0.0,0.0,0.0,0.0,Non-Aligned Movement,2020–2023
KEN,2023,0.0,0.0,0.3837298541826554,0.7674597083653109,0.0,0.0,0.0,Non-Aligned Movement,2020–2023
BOL,2020,0.0,0.0,0.0,0.0,0.0,0.0,0.0,Non-Aligned Movement,2020–2023
CAF,2023,0.6191950464396285,0.0,2.476780185758514,0.6191950464396285,0.0,0.6191950464396285,0.6191950464396285,Non-Aligned Movement,2020–2023
IRN,2022,1.9199122325836533,0.0,0.27427317608337903,0.0,2.1941854086670323,0.0,0.0,Non-Aligned Movement,2020–2023
LBR,2023,0.0,0.0,0.0,0.0,0.0,0.0,0.0,Non-Aligned Movement,2020–2023
SUR,2022,0.0,0.0,0.0,2.2123893805309733,0.0,0.7374631268436578,0.0,Non-Aligned Movement,2020–2023
SLE,2020,0.5583472920156337,0.0,0.0,0.5583472920156337,0.0,0.0,0.5583472920156337,Non-Aligned Movement,2020–2023
BOL,2021,0.0,0.0,0.722543352601156,0.0,0.722543352601156,1.083815028901734,0.361271676300578,Non-Aligned Movement,2020–2023
TZA,2020,0.0,0.0,0.0,0.0,0.0,0.0,0.5154639175257733,Non-Aligned Movement,2020–2023
IDN,2022,0.0,0.0,1.7873100983020553,0.0,0.0,1.7873100983020553,0.0,Non-Aligned Movement,2020–2023
IDN,2023,0.0,0.0,1.6625103906899419,0.0,0.0,1.6625103906899419,0.0,Non-Aligned Movement,2020–2023
GMB,2022,0.6211180124223603,0.0,1.2422360248447206,1.2422360248447206,0.0,0.6211180124223603,0.0,Non-Aligned Movement,2020–2023
